period,miso_daily_mwh,miso_daily_peak_mwh
2019-01-01,66921.625,74304.0
2019-01-02,73749.04166666667,81731.0
2019-01-03,76128.5,84464.0
2019-01-04,75005.375,81557.0
2019-01-05,69994.79166666667,78404.0
2019-01-06,66746.375,71218.0
2019-01-07,69722.08333333333,75774.0
2019-01-08,69857.08333333333,76600.0
2019-01-09,75209.70833333333,82299.0
2019-01-10,80193.79166666667,88322.0
2019-01-11,79154.95833333333,85868.0
2019-01-12,73015.08333333333,81026.0
2019-01-13,71230.625,76489.0
2019-01-14,78322.125,85367.0
2019-01-15,80015.5,86851.0
2019-01-16,78469.83333333333,86093.0
2019-01-17,76596.70833333333,83158.0
2019-01-18,75731.54166666667,81135.0
2019-01-19,73435.08333333333,80446.0
2019-01-20,79589.33333333333,84223.0
2019-01-21,84713.25,91894.0
2019-01-22,82039.54166666667,90610.0
2019-01-23,76827.20833333333,83334.0
2019-01-24,83257.83333333333,91475.0
2019-01-25,85722.41666666667,94707.0
2019-01-26,80109.125,87330.0
2019-01-27,75051.33333333333,80165.0
2019-01-28,79466.33333333333,86024.0
2019-01-29,85303.45833333333,93042.0
2019-01-30,91616.29166666667,97484.0
2019-01-31,90915.25,97310.0
2019-02-01,82475.125,92430.0
2019-02-02,73150.95833333333,81750.0
2019-02-03,65793.125,72263.0
2019-02-04,68447.04166666667,74712.0
2019-02-05,73946.375,79168.0
2019-02-06,74500.70833333333,82051.0
2019-02-07,74832.58333333333,81021.0
2019-02-08,82705.08333333333,90136.0
2019-02-09,81829.58333333333,89953.0
2019-02-10,74838.125,81640.0
2019-02-11,75039.54166666667,80293.0
2019-02-12,75109.125,82212.0
2019-02-13,78626.95833333333,86975.0
2019-02-14,75290.66666666667,81597.0
2019-02-15,75831.25,81482.0
2019-02-16,74592.58333333333,82800.0
2019-02-17,71388.16666666667,77698.0
2019-02-18,76539.66666666667,83629.0
2019-02-19,80321.41666666667,86679.0
2019-02-20,77363.25,85359.0
2019-02-21,75468.5,81018.0
2019-02-22,75334.33333333333,81304.0
2019-02-23,69614.41666666667,77981.0
2019-02-24,67052.875,72211.0
2019-02-25,76935.83333333333,85630.0
2019-02-26,77968.25,83966.0
2019-02-27,75275.83333333333,80875.0
2019-02-28,77168.625,81517.0
2019-03-01,76359.20833333333,82763.0
2019-03-02,71182.75,77465.0
2019-03-03,71427.625,75740.0
2019-03-04,83635.625,91957.0
2019-03-05,87002.79166666667,93824.0
2019-03-06,83916.79166666667,91961.0
2019-03-07,79524.25,85251.0
2019-03-08,75223.95833333333,82401.0
2019-03-09,69164.41666666667,75583.0
2019-03-10,66326.16666666667,71983.0
2019-03-11,71548.29166666667,78150.0
2019-03-12,71882.875,78017.0
2019-03-13,70047.08333333333,75277.0
2019-03-14,69130.04166666667,74048.0
2019-03-15,70081.25,75917.0
2019-03-16,67526.125,73127.0
2019-03-17,64979.583333333336,68913.0
2019-03-18,69944.25,79805.0
2019-03-19,70603.375,79384.0
2019-03-20,69962.75,77077.0
2019-03-21,69560.54166666667,76341.0
2019-03-22,68864.79166666667,76363.0
2019-03-23,64264.916666666664,69244.0
2019-03-24,61222.75,65254.0
2019-03-25,66950.79166666667,73147.0
2019-03-26,69065.0,75567.0
2019-03-27,68439.33333333333,75742.0
2019-03-28,66751.91666666667,71939.0
2019-03-29,65861.25,70515.0
2019-03-30,63166.666666666664,67976.0
2019-03-31,65198.791666666664,69730.0
2019-04-01,70482.41666666667,79790.0
2019-04-02,70106.875,78040.0
2019-04-03,67729.375,74609.0
2019-04-04,67637.54166666667,72606.0
2019-04-05,67264.25,72203.0
2019-04-06,62311.958333333336,68309.0
2019-04-07,60196.916666666664,64822.0
2019-04-08,64630.541666666664,70784.0
2019-04-09,65897.04166666667,71363.0
2019-04-10,67757.16666666667,74343.0
2019-04-11,69479.41666666667,74342.0
2019-04-12,67265.375,73513.0
2019-04-13,63388.541666666664,69209.0
2019-04-14,61870.625,65747.0
2019-04-15,67245.54166666667,74291.0
2019-04-16,66461.625,70774.0
2019-04-17,66711.375,71950.0
2019-04-18,67074.79166666667,72335.0
2019-04-19,64218.125,69125.0
2019-04-20,61297.916666666664,66074.0
2019-04-21,57942.708333333336,63688.0
2019-04-22,63493.5,72648.0
2019-04-23,66371.16666666667,72626.0
2019-04-24,66245.91666666667,71079.0
2019-04-25,66650.33333333333,71326.0
2019-04-26,65681.16666666667,70811.0
2019-04-27,62081.166666666664,67492.0
2019-04-28,60409.083333333336,65883.0
2019-04-29,66721.66666666667,74266.0
2019-04-30,69134.41666666667,75678.0
2019-05-01,69684.29166666667,75224.0
2019-05-02,69012.91666666667,74375.0
2019-05-03,67470.16666666667,72993.0
2019-05-04,62224.708333333336,69269.0
2019-05-05,59628.416666666664,66733.0
2019-05-06,65518.791666666664,74873.0
2019-05-07,68338.08333333333,74795.0
2019-05-08,68333.125,74825.0
2019-05-09,69596.29166666667,74642.0
2019-05-10,65979.16666666667,72368.0
2019-05-11,61584.916666666664,67245.0
2019-05-12,59429.333333333336,64133.0
2019-05-13,65307.375,72054.0
2019-05-14,67004.79166666667,73317.0
2019-05-15,68214.16666666667,77408.0
2019-05-16,71456.83333333333,83451.0
2019-05-17,72419.75,81753.0
2019-05-18,68492.95833333333,78725.0
2019-05-19,64985.916666666664,74305.0
2019-05-20,68517.75,77474.0
2019-05-21,70625.0,77214.0
2019-05-22,72023.41666666667,82144.0
2019-05-23,74832.41666666667,85119.0
2019-05-24,74846.83333333333,85559.0
2019-05-25,71441.66666666667,83415.0
2019-05-26,68770.54166666667,81141.0
2019-05-27,68074.08333333333,80066.0
2019-05-28,75178.04166666667,88391.0
2019-05-29,76170.29166666667,86287.0
2019-05-30,74519.29166666667,85085.0
2019-05-31,75890.95833333333,89398.0
2019-06-01,72409.26086956522,86121.0
2019-06-02,68506.33333333333,80475.0
2019-06-03,72354.91666666667,85224.0
2019-06-04,75983.625,90886.0
2019-06-05,78900.83333333333,90920.0
2019-06-06,78164.16666666667,91847.0
2019-06-07,80078.08333333333,93105.0
2019-06-08,73965.41666666667,89973.0
2019-06-09,70978.16666666667,82611.0
2019-06-10,74385.08333333333,85001.0
2019-06-11,72452.83333333333,83505.0
2019-06-12,71164.125,81586.0
2019-06-13,69715.75,78771.0
2019-06-14,70429.125,80635.0
2019-06-15,69251.08333333333,78398.0
2019-06-16,68062.08333333333,77435.0
2019-06-17,72136.41666666667,83530.0
2019-06-18,76224.70833333333,90963.0
2019-06-19,79081.375,90772.0
2019-06-20,77565.0,88353.0
2019-06-21,77230.75,87424.0
2019-06-22,72802.5,83872.0
2019-06-23,72296.83333333333,83140.0
2019-06-24,75995.45833333333,87254.0
2019-06-25,77965.16666666667,94225.0
2019-06-26,82439.91666666667,100579.0
2019-06-27,86051.75,103771.0
2019-06-28,86432.79166666667,101968.0
2019-06-29,82950.125,100722.0
2019-06-30,82633.04166666667,99138.0
2019-07-01,86244.875,107573.0
2019-07-02,90992.5,107887.0
2019-07-03,89204.45833333333,105378.0
2019-07-04,82621.54166666667,99663.0
2019-07-05,85348.41666666667,103950.0
2019-07-06,83232.66666666667,99415.0
2019-07-07,79337.70833333333,96084.0
2019-07-08,85221.625,105391.0
2019-07-09,88926.0,108240.0
2019-07-10,92990.75,110174.0
2019-07-11,91010.04166666667,106800.0
2019-07-12,86695.58333333333,103013.0
2019-07-13,83621.91666666667,100890.0
2019-07-14,81019.5,96905.0
2019-07-15,87607.25,104604.0
2019-07-16,89727.95833333333,105208.0
2019-07-17,92457.45833333333,112398.0
2019-07-18,93516.41666666667,113324.0
2019-07-19,99088.25,116600.0
2019-07-20,91831.41666666667,112761.0
2019-07-21,81557.875,95732.0
2019-07-22,80948.41666666667,92237.0
2019-07-23,78664.70833333333,92840.0
2019-07-24,79698.58333333333,97228.0
2019-07-25,82124.20833333333,100208.0
2019-07-26,84153.04166666667,102469.0
2019-07-27,82879.125,99387.0
2019-07-28,82602.91666666667,98440.0
2019-07-29,86371.70833333333,100737.0
2019-07-30,83236.5,96803.0
2019-07-31,81478.70833333333,97668.0
2019-08-01,82181.79166666667,99976.0
2019-08-02,83935.45833333333,101003.0
2019-08-03,80785.375,97538.0
2019-08-04,80405.20833333333,98669.0
2019-08-05,87822.375,109429.0
2019-08-06,89600.83333333333,105938.0
2019-08-07,89422.95833333333,107677.0
2019-08-08,88281.5,105270.0
2019-08-09,85119.70833333333,100258.0
2019-08-10,79685.875,96613.0
2019-08-11,78621.375,94674.0
2019-08-12,87701.125,107049.0
2019-08-13,90899.5,106710.0
2019-08-14,86289.83333333333,102151.0
2019-08-15,83240.66666666667,98204.0
2019-08-16,83062.83333333333,99881.0
2019-08-17,81068.875,96494.0
2019-08-18,80271.125,94001.0
2019-08-19,85056.45833333333,106260.0
2019-08-20,88984.41666666667,104251.0
2019-08-21,86482.41666666667,101700.0
2019-08-22,82945.75,97920.0
2019-08-23,78925.75,90836.0
2019-08-24,72117.125,84955.0
2019-08-25,68697.39130434782,78582.0
2019-08-26,76387.45833333333,89152.0
2019-08-27,80501.95833333333,94222.0
2019-08-28,78539.20833333333,91943.0
2019-08-29,78296.08333333333,95448.0
2019-08-30,79219.91666666667,92654.0
2019-08-31,70786.70833333333,84735.0
2019-09-01,68966.56521739131,79967.0
2019-09-02,72036.91666666667,89077.0
2019-09-03,80785.75,99120.0
2019-09-04,81918.25,96685.0
2019-09-05,78756.25,93423.0
2019-09-06,80002.95833333333,93008.0
2019-09-07,74447.625,89502.0
2019-09-08,70706.625,82746.0
2019-09-09,77412.29166666667,94468.0
2019-09-10,83016.70833333333,101146.0
2019-09-11,86644.875,102978.0
2019-09-12,84840.08333333333,99107.0
2019-09-13,82620.16666666667,95471.0
2019-09-14,73610.16666666667,88475.0
2019-09-15,72604.70833333333,89929.0
2019-09-16,82234.0,101007.0
2019-09-17,83961.79166666667,100287.0
2019-09-18,83342.79166666667,99015.0
2019-09-19,81889.45833333333,96816.0
2019-09-20,82357.0,98178.0
2019-09-21,78138.375,92557.0
2019-09-22,74437.16666666667,85729.0
2019-09-23,76890.33333333333,88647.0
2019-09-24,75227.58333333333,87920.0
2019-09-25,75593.125,87244.0
2019-09-26,74076.625,85145.0
2019-09-27,73504.875,85854.0
2019-09-28,71331.25,82789.0
2019-09-29,69398.625,81942.0
2019-09-30,78040.20833333333,98242.0
2019-10-01,83227.91666666667,97738.0
2019-10-02,80773.5,94253.0
2019-10-03,77164.33333333333,89569.0
2019-10-04,71515.41666666667,81954.0
2019-10-05,66204.41666666667,75187.0
2019-10-06,64134.583333333336,72811.0
2019-10-07,67340.91666666667,74862.0
2019-10-08,67340.70833333333,74869.0
2019-10-09,68047.41666666667,76930.0
2019-10-10,70423.04166666667,79570.0
2019-10-11,69884.16666666667,78930.0
2019-10-12,62282.458333333336,70984.0
2019-10-13,60146.833333333336,65495.0
2019-10-14,65428.458333333336,70827.0
2019-10-15,68070.54166666667,73956.0
2019-10-16,67558.0,75027.0
2019-10-17,66412.125,72413.0
2019-10-18,65535.916666666664,70905.0
2019-10-19,61635.958333333336,68121.0
2019-10-20,60730.0,68435.0
2019-10-21,66114.91666666667,72142.0
2019-10-22,66100.08333333333,72224.0
2019-10-23,66369.20833333333,71833.0
2019-10-24,66088.375,71380.0
2019-10-25,66583.83333333333,72154.0
2019-10-26,62866.416666666664,69504.0
2019-10-27,59963.833333333336,65620.0
2019-10-28,65600.625,71577.0
2019-10-29,68042.20833333333,73666.0
2019-10-30,70013.20833333333,75220.0
2019-10-31,71461.875,77202.0
2019-11-01,72776.75,80321.0
2019-11-02,67174.79166666667,73103.0
2019-11-03,64515.875,69228.0
2019-11-04,67746.375,74395.0
2019-11-05,69139.83333333333,74908.0
2019-11-06,70877.75,76493.0
2019-11-07,72110.58333333333,77340.0
2019-11-08,75189.625,81118.0
2019-11-09,70931.95833333333,79532.0
2019-11-10,65516.416666666664,70636.0
2019-11-11,70817.58333333333,80820.0
2019-11-12,80966.75,87650.0
2019-11-13,85154.375,91805.0
2019-11-14,78935.83333333333,87396.0
2019-11-15,76959.25,83953.0
2019-11-16,72346.375,78609.0
2019-11-17,69468.0,73911.0
2019-11-18,71893.70833333333,79578.0
2019-11-19,72187.375,78084.0
2019-11-20,70882.41666666667,76609.0
2019-11-21,70559.54166666667,76001.0
2019-11-22,71071.45833333333,76819.0
2019-11-23,69095.875,77016.0
2019-11-24,66940.91666666667,73037.0
2019-11-25,69730.08333333333,77199.0
2019-11-26,69898.91666666667,75436.0
2019-11-27,69830.91666666667,76229.0
2019-11-28,66393.45833333333,76249.0
2019-11-29,63689.791666666664,68922.0
2019-11-30,64605.833333333336,70460.0
2019-12-01,64719.0,71658.0
2019-12-02,73358.08333333333,80604.0
2019-12-03,76517.0,83404.0
2019-12-04,73632.875,80249.0
2019-12-05,72824.20833333333,79728.0
2019-12-06,71352.20833333333,77426.0
2019-12-07,69807.875,77800.0
2019-12-08,67215.20833333333,73788.0
2019-12-09,69967.83333333333,77570.0
2019-12-10,76867.5,84142.0
2019-12-11,82161.75,89005.0
2019-12-12,81142.91304347826,87492.0
2019-12-13,76430.91304347826,83455.0
2019-12-14,71655.70833333333,79045.0
2019-12-15,71492.25,77153.0
2019-12-16,76342.875,82930.0
2019-12-17,79520.16666666667,85812.0
2019-12-18,83798.95833333333,91162.0
2019-12-19,83166.29166666667,91432.0
2019-12-20,79570.58333333333,86655.0
2019-12-21,71749.91666666667,80662.0
2019-12-22,68278.04166666667,74550.0
2019-12-23,69442.375,75718.0
2019-12-24,66808.45833333333,74065.0
2019-12-25,60678.208333333336,66288.0
2019-12-26,61790.375,69182.0
2019-12-27,66253.95833333333,71699.0
2019-12-28,65537.66666666667,73369.0
2019-12-29,62299.708333333336,69731.0
2019-12-30,68685.0,75936.0
2019-12-31,72797.66666666667,78830.0
2020-01-01,67879.54166666667,75561.0
2020-01-02,68599.41666666667,73627.0
2020-01-03,69570.75,75762.0
2020-01-04,68658.79166666667,75046.0
2020-01-05,68398.125,74407.0
2020-01-06,71490.41666666667,80352.0
2020-01-07,73246.125,80038.0
2020-01-08,77186.91666666667,86065.0
2020-01-09,75557.875,82398.0
2020-01-10,70677.95833333333,77047.0
2020-01-11,68606.75,75725.0
2020-01-12,70755.29166666667,75807.0
2020-01-13,73945.875,79560.0
2020-01-14,73372.33333333333,80658.0
2020-01-15,72716.625,78683.0
2020-01-16,75430.375,80776.0
2020-01-17,78547.20833333333,83676.0
2020-01-18,71259.66666666667,81473.0
2020-01-19,74063.20833333333,78284.0
2020-01-20,81024.08333333333,88089.0
2020-01-21,83094.29166666667,90829.0
2020-01-22,81916.875,87785.0
2020-01-23,77746.125,85800.0
2020-01-24,75113.54166666667,81177.0
2020-01-25,71789.5,78211.0
2020-01-26,68329.58333333333,74484.0
2020-01-27,73291.45833333333,79575.0
2020-01-28,76562.25,82306.0
2020-01-29,76346.5,81979.0
2020-01-30,76479.79166666667,82747.0
2020-01-31,74666.25,81263.0
2020-02-01,69664.70833333333,77157.0
2020-02-02,65871.33333333333,72515.0
2020-02-03,67235.125,75371.0
2020-02-04,70426.83333333333,75463.0
2020-02-05,74307.04166666667,79118.0
2020-02-06,77221.20833333333,82400.0
2020-02-07,78878.41666666667,86574.0
2020-02-08,71797.29166666667,78568.0
2020-02-09,68621.33333333333,73781.0
2020-02-10,71127.70833333333,77397.0
2020-02-11,74043.375,80115.0
2020-02-12,75394.58333333333,80740.0
2020-02-13,78011.41666666667,83386.0
2020-02-14,83581.45833333333,92209.0
2020-02-15,76228.20833333333,83715.0
2020-02-16,66564.0,73411.0
2020-02-17,70639.91666666667,76183.0
2020-02-18,71957.875,77668.0
2020-02-19,75352.91666666667,81139.0
2020-02-20,78320.375,84270.0
2020-02-21,80216.41666666667,88437.0
2020-02-22,72660.125,79232.0
2020-02-23,65527.666666666664,70753.0
2020-02-24,68436.29166666667,74587.0
2020-02-25,71118.41666666667,75945.0
2020-02-26,73987.54166666667,79147.0
2020-02-27,78093.08333333333,86036.0
2020-02-28,76103.5,83806.0
2020-02-29,70016.66666666667,76266.0
2020-03-01,64021.666666666664,69631.0
2020-03-02,66312.54166666667,72079.0
2020-03-03,68307.45833333333,73896.0
2020-03-04,68867.75,73882.0
2020-03-05,69206.91666666667,74473.0
2020-03-06,70039.70833333333,76764.0
2020-03-07,66698.16666666667,72892.0
2020-03-08,61634.375,66769.0
2020-03-09,65018.0,71180.0
2020-03-10,67786.625,72385.0
2020-03-11,69002.16666666667,73381.0
2020-03-12,68445.29166666667,72395.0
2020-03-13,68208.41666666667,72502.0
2020-03-14,66751.79166666667,71902.0
2020-03-15,65545.04166666667,71494.0
2020-03-16,69990.625,75825.0
2020-03-17,69605.0,75134.0
2020-03-18,69384.75,74703.0
2020-03-19,69141.16666666667,74772.0
2020-03-20,67824.83333333333,73207.0
2020-03-21,65506.875,72050.0
2020-03-22,63993.458333333336,68426.0
2020-03-23,67314.91666666667,72955.0
2020-03-24,67287.41666666667,71949.0
2020-03-25,66280.83333333333,70847.0
2020-03-26,64741.458333333336,70329.0
2020-03-27,64644.333333333336,69952.0
2020-03-28,61895.25,68670.0
2020-03-29,58517.916666666664,66053.0
2020-03-30,61334.75,66593.0
2020-03-31,63389.25,67726.0
2020-04-01,62138.166666666664,65777.0
2020-04-02,61211.875,64441.0
2020-04-03,60917.625,65165.0
2020-04-04,58497.25,64216.0
2020-04-05,57144.958333333336,61909.0
2020-04-06,60553.875,65458.0
2020-04-07,61629.083333333336,67830.0
2020-04-08,63412.166666666664,70540.0
2020-04-09,63066.333333333336,70017.0
2020-04-10,60452.541666666664,67651.0
2020-04-11,56275.833333333336,61286.0
2020-04-12,56671.375,61267.0
2020-04-13,60713.916666666664,66821.0
2020-04-14,63592.458333333336,67378.0
2020-04-15,63929.833333333336,67735.0
2020-04-16,63121.166666666664,67425.0
2020-04-17,61678.5,65639.0
2020-04-18,58397.458333333336,64830.0
2020-04-19,55541.5,59622.0
2020-04-20,59216.416666666664,63526.0
2020-04-21,60529.75,65356.0
2020-04-22,61144.458333333336,65303.0
2020-04-23,61123.041666666664,65723.0
2020-04-24,59620.875,64487.0
2020-04-25,56631.458333333336,62801.0
2020-04-26,55219.458333333336,60092.0
2020-04-27,58154.25,63970.0
2020-04-28,60051.25,65633.0
2020-04-29,59604.125,64486.0
2020-04-30,59362.0,63541.0
2020-05-01,58858.666666666664,63013.0
2020-05-02,56394.916666666664,64269.0
2020-05-03,56412.875,63948.0
2020-05-04,59884.291666666664,67913.0
2020-05-05,62348.791666666664,67707.0
2020-05-06,61194.041666666664,66886.0
2020-05-07,59623.5,63781.0
2020-05-08,59716.875,64343.0
2020-05-09,56253.458333333336,61564.0
2020-05-10,54394.5,59026.0
2020-05-11,59553.583333333336,65432.0
2020-05-12,61240.625,65299.0
2020-05-13,61840.708333333336,67574.0
2020-05-14,62162.083333333336,68610.0
2020-05-15,61693.625,67324.0
2020-05-16,58622.333333333336,64943.0
2020-05-17,58032.875,65102.0
2020-05-18,61833.0,69862.0
2020-05-19,63300.875,70088.0
2020-05-20,63267.25,68884.0
2020-05-21,63879.833333333336,71626.0
2020-05-22,64960.041666666664,72478.0
2020-05-23,62154.166666666664,70201.0
2020-05-24,62269.333333333336,75021.0
2020-05-25,65839.91666666667,80193.0
2020-05-26,72891.45833333333,88307.0
2020-05-27,74454.95833333333,86277.0
2020-05-28,71464.75,83121.0
2020-05-29,67397.625,78003.0
2020-05-30,61119.541666666664,72796.0
2020-05-31,59164.291666666664,68858.0
2020-06-01,65861.79166666667,80105.0
2020-06-02,75397.70833333333,97160.0
2020-06-03,80076.16666666667,95611.0
2020-06-04,78557.0,94611.0
2020-06-05,79363.20833333333,96391.0
2020-06-06,74972.33333333333,93861.0
2020-06-07,70285.20833333333,85740.0
2020-06-08,77764.58333333333,95420.0
2020-06-09,82742.58333333333,98087.0
2020-06-10,81355.875,95249.0
2020-06-11,71112.54166666667,84712.0
2020-06-12,71441.375,85611.0
2020-06-13,67288.75,83322.0
2020-06-14,64834.25,77470.0
2020-06-15,71625.79166666667,88776.0
2020-06-16,76834.16666666667,94701.0
2020-06-17,79564.0,98193.0
2020-06-18,81176.58333333333,99571.0
2020-06-19,81555.875,98046.0
2020-06-20,77750.16666666667,94593.0
2020-06-21,74275.875,88328.0
2020-06-22,76318.91666666667,89661.0
2020-06-23,75651.125,87109.0
2020-06-24,72706.95833333333,84250.0
2020-06-25,75598.75,91558.0
2020-06-26,79217.0,94501.0
2020-06-27,78692.875,92775.0
2020-06-28,78010.91666666667,97033.0
2020-06-29,85323.125,102332.0
2020-06-30,87067.33333333333,103259.0
2020-07-01,87161.125,104056.0
2020-07-02,88140.0,107498.0
2020-07-03,85538.91666666667,103881.0
2020-07-04,81603.91666666667,98409.0
2020-07-05,80688.5,99663.0
2020-07-06,88602.33333333333,108086.0
2020-07-07,91888.20833333333,108681.0
2020-07-08,92586.70833333333,110103.0
2020-07-09,93620.16666666667,109763.0
2020-07-10,89313.79166666667,106110.0
2020-07-11,84440.54166666667,101309.0
2020-07-12,80476.83333333333,98967.0
2020-07-13,84304.83333333333,103494.0
2020-07-14,86655.875,104199.0
2020-07-15,87260.75,102348.0
2020-07-16,85119.33333333333,99338.0
2020-07-17,87570.375,109320.0
2020-07-18,88231.33333333333,107520.0
2020-07-19,86764.16666666667,105741.0
2020-07-20,84596.33333333333,100547.0
2020-07-21,85304.33333333333,100635.0
2020-07-22,85435.0,102298.0
2020-07-23,85632.20833333333,102408.0
2020-07-24,86646.0,104444.0
2020-07-25,85765.0,102825.0
2020-07-26,85627.125,103518.0
2020-07-27,88595.70833333333,101818.0
2020-07-28,85844.04166666667,103328.0
2020-07-29,87774.91666666667,105447.0
2020-07-30,86233.33333333333,101586.0
2020-07-31,82405.91666666667,96211.0
2020-08-01,74940.54166666667,91072.0
2020-08-02,71914.0,84726.0
2020-08-03,76356.33333333333,90682.0
2020-08-04,75917.125,87450.0
2020-08-05,75066.20833333333,88351.0
2020-08-06,76789.875,92603.0
2020-08-07,79619.20833333333,96555.0
2020-08-08,79870.25,96663.0
2020-08-09,81678.16666666667,100891.0
2020-08-10,89545.33333333333,106661.0
2020-08-11,85134.79166666667,102119.0
2020-08-12,84208.04166666667,100287.0
2020-08-13,85425.70833333333,103590.0
2020-08-14,86467.70833333333,102503.0
2020-08-15,81548.08333333333,98586.0
2020-08-16,78477.04166666667,96145.0
2020-08-17,82065.75,100394.0
2020-08-18,81280.625,97712.0
2020-08-19,79313.375,95130.0
2020-08-20,80377.54166666667,98149.0
2020-08-21,82621.33333333333,102459.0
2020-08-22,80810.29166666667,98935.0
2020-08-23,81424.75,103495.0
2020-08-24,89998.79166666667,112940.0
2020-08-25,91973.66666666667,109739.0
2020-08-26,90214.16666666667,107115.0
2020-08-27,88397.54166666667,103496.0
2020-08-28,84651.91666666667,97644.0
2020-08-29,75991.16666666667,92784.0
2020-08-30,68232.04166666667,81362.0
2020-08-31,74211.625,88216.0
2020-09-01,76930.25,88502.0
2020-09-02,78717.79166666667,92006.0
2020-09-03,78644.41666666667,92723.0
2020-09-04,74401.66666666667,88754.0
2020-09-05,68161.375,80619.0
2020-09-06,66990.66666666667,81040.0
2020-09-07,69066.75,83362.0
2020-09-08,72893.20833333333,85257.0
2020-09-09,73894.125,85440.0
2020-09-10,73468.29166666667,83224.0
2020-09-11,72303.91666666667,81505.0
2020-09-12,68918.41666666667,78198.0
2020-09-13,67284.70833333333,78078.0
2020-09-14,70897.58333333333,82564.0
2020-09-15,71861.20833333333,83008.0
2020-09-16,71951.41666666667,82431.0
2020-09-17,71006.16666666667,80185.0
2020-09-18,67479.83333333333,76459.0
2020-09-19,60685.083333333336,68981.0
2020-09-20,58132.791666666664,65097.0
2020-09-21,63866.916666666664,72504.0
2020-09-22,66818.20833333333,74747.0
2020-09-23,68416.91666666667,77070.0
2020-09-24,68763.875,76040.0
2020-09-25,68865.29166666667,79035.0
2020-09-26,66230.29166666667,76022.0
2020-09-27,64931.208333333336,75008.0
2020-09-28,66766.125,74074.0
2020-09-29,63941.708333333336,70039.0
2020-09-30,64292.583333333336,70833.0
2020-10-01,64668.25,70883.0
2020-10-02,64203.666666666664,71021.0
2020-10-03,60229.166666666664,67297.0
2020-10-04,58332.916666666664,64209.0
2020-10-05,63734.541666666664,69674.0
2020-10-06,65414.916666666664,71769.0
2020-10-07,66814.08333333333,76393.0
2020-10-08,67661.16666666667,75910.0
2020-10-09,67146.41666666667,73321.0
2020-10-10,61452.291666666664,71724.0
2020-10-11,60661.458333333336,71633.0
2020-10-12,66797.75,75108.0
2020-10-13,66242.75,73799.0
2020-10-14,65778.45833333333,72700.0
2020-10-15,65594.875,72623.0
2020-10-16,65392.291666666664,72646.0
2020-10-17,61087.791666666664,67579.0
2020-10-18,59578.5,67550.0
2020-10-19,67244.83333333333,75849.0
2020-10-20,69104.95833333333,76106.0
2020-10-21,68564.04166666667,75840.0
2020-10-22,69426.04166666667,77775.0
2020-10-23,69108.91666666667,77624.0
2020-10-24,63417.25,72078.0
2020-10-25,61774.083333333336,67468.0
2020-10-26,67505.875,75376.0
2020-10-27,70164.08333333333,76283.0
2020-10-28,69175.45833333333,76217.0
2020-10-29,66663.5,72261.0
2020-10-30,67194.91666666667,73391.0
2020-10-31,63307.125,69476.0
2020-11-01,60147.333333333336,65971.0
2020-11-02,67898.625,74890.0
2020-11-03,67614.33333333333,73766.0
2020-11-04,65538.66666666667,70930.0
2020-11-05,64864.5,70850.0
2020-11-06,64673.875,70996.0
2020-11-07,60936.083333333336,69407.0
2020-11-08,58901.583333333336,66127.0
2020-11-09,65007.625,74185.0
2020-11-10,67928.91666666667,75215.0
2020-11-11,67640.79166666667,75966.0
2020-11-12,68972.75,74720.0
2020-11-13,68587.58333333333,74575.0
2020-11-14,66376.41666666667,73994.0
2020-11-15,62680.791666666664,71019.0
2020-11-16,67772.375,74239.0
2020-11-17,69631.33333333333,75153.0
2020-11-18,70048.95833333333,75765.0
2020-11-19,68109.33333333333,74273.0
2020-11-20,66102.41666666667,72351.0
2020-11-21,63536.083333333336,71265.0
2020-11-22,63229.125,69946.0
2020-11-23,68019.79166666667,73967.0
2020-11-24,70651.54166666667,75586.0
2020-11-25,68790.66666666667,76007.0
2020-11-26,63385.791666666664,73723.0
2020-11-27,60801.833333333336,65591.0
2020-11-28,62362.5,68400.0
2020-11-29,63027.0,68570.0
2020-11-30,71698.29166666667,79415.0
2020-12-01,77414.79166666667,84344.0
2020-12-02,75738.16666666667,82144.0
2020-12-03,73429.54166666667,79380.0
2020-12-04,71798.79166666667,78759.0
2020-12-05,70334.125,76914.0
2020-12-06,68020.41666666667,73616.0
2020-12-07,72999.41666666667,79791.0
2020-12-08,74697.54166666667,80627.0
2020-12-09,72024.91666666667,78668.0
2020-12-10,70342.25,77008.0
2020-12-11,69579.75,74845.0
2020-12-12,66619.83333333333,75082.0
2020-12-13,67538.5,73843.0
2020-12-14,74922.41666666667,82391.0
2020-12-15,80555.66666666667,86278.0
2020-12-16,79309.16666666667,86934.0
2020-12-17,80304.70833333333,87030.0
2020-12-18,79544.58333333333,85878.0
2020-12-19,72232.70833333333,80642.0
2020-12-20,68209.33333333333,75736.0
2020-12-21,72146.91666666667,78691.0
2020-12-22,72849.08333333333,79059.0
2020-12-23,71052.25,76987.0
2020-12-24,71914.16666666667,78159.0
2020-12-25,75048.83333333333,80697.0
2020-12-26,72219.16666666667,76652.0
2020-12-27,68823.0,74504.0
2020-12-28,70607.70833333333,76388.0
2020-12-29,74711.125,79981.0
2020-12-30,71592.25,80110.0
2020-12-31,71391.91666666667,78098.0
2021-01-01,69345.70833333333,77963.0
2021-01-02,68928.375,74011.0
2021-01-03,70023.375,76386.0
2021-01-04,73449.79166666667,81534.0
2021-01-05,74261.125,81243.0
2021-01-06,74639.16666666667,80418.0
2021-01-07,75809.625,80884.0
2021-01-08,78243.41666666667,83482.0
2021-01-09,75687.83333333333,83098.0
2021-01-10,75303.20833333333,79706.0
2021-01-11,80072.875,86547.0
2021-01-12,80716.70833333333,87896.0
2021-01-13,76639.91666666667,83659.0
2021-01-14,74492.875,81512.0
2021-01-15,74109.625,80029.0
2021-01-16,73280.91666666667,79588.0
2021-01-17,70683.0,76442.0
2021-01-18,73931.66666666667,81889.0
2021-01-19,75120.875,81284.0
2021-01-20,75262.08333333333,81426.0
2021-01-21,72272.95833333333,79714.0
2021-01-22,73349.20833333333,79472.0
2021-01-23,72916.33333333333,79564.0
2021-01-24,68995.75,76414.0
2021-01-25,72727.95833333333,79168.0
2021-01-26,74108.875,80367.0
2021-01-27,75716.58333333333,80968.0
2021-01-28,79617.375,87045.0
2021-01-29,79209.58333333333,87408.0
2021-01-30,72485.66666666667,79407.0
2021-01-31,68430.95833333333,75377.0
2021-02-01,75623.08333333333,83649.0
2021-02-02,79054.25,86567.0
2021-02-03,77582.625,86483.0
2021-02-04,75628.25,80455.0
2021-02-05,77428.29166666667,83427.0
2021-02-06,76883.08333333333,83515.0
2021-02-07,77606.04166666667,81462.0
2021-02-08,82262.16666666667,89120.0
2021-02-09,81141.5,86710.0
2021-02-10,82110.83333333333,87016.0
2021-02-11,83880.375,88534.0
2021-02-12,86816.95833333333,92350.0
2021-02-13,86625.66666666667,92875.0
2021-02-14,87277.08333333333,90912.0
2021-02-15,93335.20833333333,98092.0
2021-02-16,91716.25,98962.0
2021-02-17,89757.83333333333,95042.0
2021-02-18,85332.04166666667,91981.0
2021-02-19,84874.375,92276.0
2021-02-20,79228.83333333333,85314.0
2021-02-21,73117.125,77995.0
2021-02-22,71459.45833333333,78309.0
2021-02-23,71177.25,79016.0
2021-02-24,68764.83333333333,75186.0
2021-02-25,70243.66666666667,76382.0
2021-02-26,71297.83333333333,75985.0
2021-02-27,65666.58333333333,74310.0
2021-02-28,63356.416666666664,68925.0
2021-03-01,69841.20833333333,76356.0
2021-03-02,73630.75,79591.0
2021-03-03,71591.625,78745.0
2021-03-04,69205.83333333333,77504.0
2021-03-05,69885.70833333333,76206.0
2021-03-06,65842.75,72450.0
2021-03-07,63307.083333333336,67593.0
2021-03-08,66371.875,75405.0
2021-03-09,66026.91666666667,71832.0
2021-03-10,65146.0,69842.0
2021-03-11,65371.625,70767.0
2021-03-12,66286.95833333333,71042.0
2021-03-13,63444.666666666664,70482.0
2021-03-14,61342.833333333336,66030.0
2021-03-15,68950.91666666667,75868.0
2021-03-16,70188.16666666667,76003.0
2021-03-17,69179.08333333333,73643.0
2021-03-18,68331.91666666667,73617.0
2021-03-19,68945.58333333333,75738.0
2021-03-20,64187.541666666664,69664.0
2021-03-21,60383.125,63739.0
2021-03-22,63943.125,71173.0
2021-03-23,65209.833333333336,69913.0
2021-03-24,64904.5,69289.0
2021-03-25,65656.16666666667,70313.0
2021-03-26,66452.83333333333,71363.0
2021-03-27,62801.208333333336,68055.0
2021-03-28,60518.0,65940.0
2021-03-29,65023.791666666664,72694.0
2021-03-30,65351.833333333336,69606.0
2021-03-31,66892.04166666667,71480.0
2021-04-01,68612.95833333333,75405.0
2021-04-02,66201.75,72805.0
2021-04-03,60565.833333333336,65021.0
2021-04-04,57042.875,61875.0
2021-04-05,61970.375,69355.0
2021-04-06,65375.833333333336,71660.0
2021-04-07,66096.0,72229.0
2021-04-08,65856.375,71206.0
2021-04-09,66317.58333333333,71490.0
2021-04-10,61573.375,69422.0
2021-04-11,59257.833333333336,64159.0
2021-04-12,64223.041666666664,70498.0
2021-04-13,65774.54166666667,70252.0
2021-04-14,65242.125,69305.0
2021-04-15,65664.16666666667,70033.0
2021-04-16,64798.5,69036.0
2021-04-17,60004.75,65371.0
2021-04-18,58018.416666666664,61962.0
2021-04-19,63643.0,69505.0
2021-04-20,66602.0,71171.0
2021-04-21,68054.25,73067.0
2021-04-22,66735.29166666667,72802.0
2021-04-23,64937.541666666664,69665.0
2021-04-24,61680.583333333336,65793.0
2021-04-25,58898.458333333336,64056.0
2021-04-26,64208.833333333336,71165.0
2021-04-27,66709.83333333333,74641.0
2021-04-28,68364.33333333333,74616.0
2021-04-29,67763.91666666667,72979.0
2021-04-30,65494.666666666664,71575.0
2021-05-01,60558.25,66704.0
2021-05-02,60288.0,68659.0
2021-05-03,67023.25,76464.0
2021-05-04,67814.41666666667,75833.0
2021-05-05,64101.708333333336,69196.0
2021-05-06,64431.958333333336,69481.0
2021-05-07,64095.75,69001.0
2021-05-08,60572.166666666664,66556.0
2021-05-09,59976.458333333336,65195.0
2021-05-10,64954.875,70032.0
2021-05-11,65689.20833333333,70134.0
2021-05-12,64714.208333333336,68994.0
2021-05-13,64484.041666666664,68853.0
2021-05-14,64252.416666666664,69215.0
2021-05-15,60093.583333333336,67744.0
2021-05-16,59006.958333333336,67090.0
2021-05-17,65257.416666666664,72756.0
2021-05-18,67229.25,74880.0
2021-05-19,69154.45833333333,78629.0
2021-05-20,72596.0,84152.0
2021-05-21,74606.08333333333,85345.0
2021-05-22,71096.16666666667,84157.0
2021-05-23,70272.79166666667,82987.0
2021-05-24,74381.29166666667,91219.0
2021-05-25,79276.41666666667,94114.0
2021-05-26,76539.95833333333,90458.0
2021-05-27,73337.16666666667,86274.0
2021-05-28,69370.29166666667,79353.0
2021-05-29,61045.166666666664,70528.0
2021-05-30,58072.666666666664,64184.0
2021-05-31,59580.75,69825.0
2021-06-01,67392.20833333333,78293.0
2021-06-02,70702.58333333333,80586.0
2021-06-03,73628.16666666667,87411.0
2021-06-04,77382.125,94764.0
2021-06-05,77709.875,92765.0
2021-06-06,77293.33333333333,91850.0
2021-06-07,83692.45833333333,99974.0
2021-06-08,86058.79166666667,101721.0
2021-06-09,87926.04166666667,106117.0
2021-06-10,89641.0,106417.0
2021-06-11,90941.70833333333,108413.0
2021-06-12,84683.16666666667,104260.0
2021-06-13,82148.95833333333,100538.0
2021-06-14,83387.54166666667,101324.0
2021-06-15,82118.25,98699.0
2021-06-16,80476.20833333333,98053.0
2021-06-17,82871.66666666667,103931.0
2021-06-18,87117.0,103753.0
2021-06-19,80084.41666666667,101259.0
2021-06-20,76668.875,91605.0
2021-06-21,77506.79166666667,90168.0
2021-06-22,70692.66666666667,81731.0
2021-06-23,74295.33333333333,89918.0
2021-06-24,81166.45833333333,94399.0
2021-06-25,82540.58333333333,94722.0
2021-06-26,80106.66666666667,92579.0
2021-06-27,78536.125,93316.0
2021-06-28,84850.04166666667,101686.0
2021-06-29,87639.45833333333,102269.0
2021-06-30,86750.5,102456.0
2021-07-01,85434.45833333333,100110.0
2021-07-02,79525.91666666667,96140.0
2021-07-03,73168.75,88834.0
2021-07-04,76862.66666666667,97331.0
2021-07-05,83737.16666666667,105621.0
2021-07-06,91046.79166666667,108506.0
2021-07-07,86425.25,103910.0
2021-07-08,81322.125,93328.0
2021-07-09,78276.79166666667,89398.0
2021-07-10,74541.45833333333,87429.0
2021-07-11,71600.75,82625.0
2021-07-12,76945.29166666667,91078.0
2021-07-13,82000.83333333333,98030.0
2021-07-14,85258.75,101901.0
2021-07-15,86731.83333333333,101033.0
2021-07-16,82293.45833333333,96947.0
2021-07-17,76922.33333333333,90594.0
2021-07-18,76739.91666666667,94336.0
2021-07-19,84113.5,102783.0
2021-07-20,85717.54166666667,102748.0
2021-07-21,84248.29166666667,100072.0
2021-07-22,85436.08333333333,102272.0
2021-07-23,89092.625,107603.0
2021-07-24,88769.29166666667,106076.0
2021-07-25,85861.83333333333,104180.0
2021-07-26,91073.04166666667,112763.0
2021-07-27,93006.66666666667,112774.0
2021-07-28,94136.25,113910.0
2021-07-29,95847.04166666667,112555.0
2021-07-30,87994.04166666667,107856.0
2021-07-31,78490.08333333333,94428.0
2021-08-01,75441.0,88515.0
2021-08-02,78002.70833333333,91280.0
2021-08-03,79748.66666666667,95244.0
2021-08-04,82063.66666666667,99749.0
2021-08-05,83044.75,99827.0
2021-08-06,84269.70833333333,101595.0
2021-08-07,82203.54166666667,97807.0
2021-08-08,83027.66666666667,101132.0
2021-08-09,89425.875,106836.0
2021-08-10,94834.45833333333,113794.0
2021-08-11,94154.29166666667,110276.0
2021-08-12,91334.75,106259.0
2021-08-13,85956.29166666667,100706.0
2021-08-14,78599.33333333333,95681.0
2021-08-15,74981.79166666667,90482.0
2021-08-16,80741.625,99199.0
2021-08-17,85875.75,105229.0
2021-08-18,89553.20833333333,107136.0
2021-08-19,91346.75,109653.0
2021-08-20,92083.875,110509.0
2021-08-21,86676.125,105777.0
2021-08-22,82567.66666666667,101686.0
2021-08-23,90071.875,112815.0
2021-08-24,94800.375,114226.0
2021-08-25,93988.125,113397.0
2021-08-26,93522.33333333333,109999.0
2021-08-27,90629.04347826086,105832.0
2021-08-28,87427.95833333333,103774.0
2021-08-29,83430.70833333333,100096.0
2021-08-30,79931.58333333333,93139.0
2021-08-31,77536.5,91232.0
2021-09-01,76612.25,89274.0
2021-09-02,73753.25,86265.0
2021-09-03,71934.41666666667,82259.0
2021-09-04,67703.95833333333,77733.0
2021-09-05,67185.91666666667,79313.0
2021-09-06,67243.125,83036.0
2021-09-07,74767.0,92332.0
2021-09-08,74986.66666666667,88818.0
2021-09-09,72436.08333333333,84175.0
2021-09-10,72172.20833333333,86425.0
2021-09-11,71472.54166666667,87128.0
2021-09-12,72671.29166666667,85460.0
2021-09-13,76730.625,90705.0
2021-09-14,79833.75,91219.0
2021-09-15,75554.54166666667,87049.0
2021-09-16,75604.5,91438.0
2021-09-17,78746.91666666667,92857.0
2021-09-18,74463.04166666667,88418.0
2021-09-19,73567.29166666667,90791.0
2021-09-20,80522.625,94285.0
2021-09-21,77346.25,91435.0
2021-09-22,69033.70833333333,80258.0
2021-09-23,66103.91666666667,73192.0
2021-09-24,66246.83333333333,73365.0
2021-09-25,62740.625,71730.0
2021-09-26,62084.5,75813.0
2021-09-27,72088.08333333333,89611.0
2021-09-28,74963.66666666667,87123.0
2021-09-29,74400.5,87183.0
2021-09-30,75551.83333333333,86758.0
2021-10-01,74399.95833333333,84520.0
2021-10-02,69798.375,80579.0
2021-10-03,67869.95833333333,77557.0
2021-10-04,71688.25,81675.0
2021-10-05,72048.5,80766.0
2021-10-06,71823.41666666667,80860.0
2021-10-07,72674.625,82163.0
2021-10-08,73086.41666666667,84370.0
2021-10-09,69785.41666666667,80819.0
2021-10-10,69542.79166666667,81277.0
2021-10-11,73507.04166666667,83467.0
2021-10-12,72489.625,81491.0
2021-10-13,71983.29166666667,81071.0
2021-10-14,73064.33333333333,80850.0
2021-10-15,71259.5,79473.0
2021-10-16,62685.833333333336,74870.0
2021-10-17,59181.875,64589.0
2021-10-18,64535.916666666664,71640.0
2021-10-19,66364.625,72755.0
2021-10-20,67556.0,74978.0
2021-10-21,68789.66666666667,75626.0
2021-10-22,68190.95833333333,74847.0
2021-10-23,64335.5,72060.0
2021-10-24,63374.0,71001.0
2021-10-25,68144.08333333333,75854.0
2021-10-26,68657.95833333333,76468.0
2021-10-27,68517.04166666667,73981.0
2021-10-28,67309.54166666667,73068.0
2021-10-29,66308.20833333333,71521.0
2021-10-30,61796.125,68875.0
2021-10-31,60353.5,64514.0
2021-11-01,66529.95833333333,73434.0
2021-11-02,69338.33333333333,74845.0
2021-11-03,70070.0,75475.0
2021-11-04,70393.54166666667,77093.0
2021-11-05,70094.66666666667,76873.0
2021-11-06,65015.458333333336,70809.0
2021-11-07,62037.625,66993.0
2021-11-08,65700.33333333333,72383.0
2021-11-09,67164.33333333333,72675.0
2021-11-10,67210.29166666667,72583.0
2021-11-11,66644.25,73129.0
2021-11-12,68593.66666666667,73096.0
2021-11-13,67274.70833333333,74451.0
2021-11-14,66625.95833333333,71704.0
2021-11-15,70419.41666666667,76463.0
2021-11-16,70486.66666666667,76587.0
2021-11-17,68314.08333333333,74717.0
2021-11-18,70070.0,75754.0
2021-11-19,73185.125,79047.0
2021-11-20,68726.91666666667,75715.0
2021-11-21,64205.625,70059.0
2021-11-22,70747.125,76976.0
2021-11-23,73788.95833333333,80485.0
2021-11-24,71559.83333333333,76779.0
2021-11-25,64659.458333333336,73699.0
2021-11-26,66372.54166666667,70876.0
2021-11-27,67490.0,72935.0
2021-11-28,65530.708333333336,70856.0
2021-11-29,72104.91666666667,79889.0
2021-11-30,71660.70833333333,77869.0
2021-12-01,70505.66666666667,75932.0
2021-12-02,68486.33333333333,75049.0
2021-12-03,68825.54166666667,73940.0
2021-12-04,66253.25,73603.0
2021-12-05,66101.91666666667,72248.0
2021-12-06,70841.29166666667,80323.0
2021-12-07,78568.29166666667,83265.0
2021-12-08,76971.375,85038.0
2021-12-09,75187.91666666667,81305.0
2021-12-10,72183.16666666667,78164.0
2021-12-11,67327.33333333333,77160.0
2021-12-12,67986.08333333333,74035.0
2021-12-13,71640.45833333333,79517.0
2021-12-14,71605.66666666667,77264.0
2021-12-15,68963.95833333333,76564.0
2021-12-16,68769.70833333333,75591.0
2021-12-17,73919.08333333333,78329.0
2021-12-18,70781.04166666667,79688.0
2021-12-19,70555.625,76518.0
2021-12-20,76636.04166666667,83560.0
2021-12-21,78140.875,83930.0
2021-12-22,78111.625,84409.0
2021-12-23,74689.5,81250.0
2021-12-24,65349.875,74709.0
2021-12-25,60137.666666666664,66577.0
2021-12-26,62479.125,69188.0
2021-12-27,66449.25,72990.0
2021-12-28,71198.86956521739,77381.0
2021-12-29,72475.58333333333,78576.0
2021-12-30,72650.41666666667,79805.0
2021-12-31,68844.41666666667,77238.0
2022-01-01,67513.375,73868.0
2022-01-02,72173.66666666667,80436.0
2022-01-03,81255.0,88312.0
2022-01-04,81448.08333333333,88005.0
2022-01-05,78615.79166666667,83868.0
2022-01-06,81993.625,86805.0
2022-01-07,86761.625,93605.0
2022-01-08,79995.125,89415.0
2022-01-09,70965.58333333333,78631.0
2022-01-10,79823.70833333333,87661.0
2022-01-11,82680.41666666667,91083.0
2022-01-12,76350.66666666667,83578.0
2022-01-13,74552.0,81505.0
2022-01-14,75348.58333333333,81698.0
2022-01-15,73435.41666666667,79306.0
2022-01-16,77115.91666666667,82189.0
2022-01-17,77930.58333333333,84499.0
2022-01-18,77381.79166666667,85628.0
2022-01-19,75418.45833333333,80914.0
2022-01-20,83362.33333333333,90545.0
2022-01-21,88781.0,95718.0
2022-01-22,83741.45833333333,90593.0
2022-01-23,78395.25,83204.0
2022-01-24,80559.33333333333,87922.0
2022-01-25,82281.04166666667,89390.0
2022-01-26,86315.54166666667,95646.0
2022-01-27,83929.83333333333,90093.0
2022-01-28,81136.625,88458.0
2022-01-29,81029.0,86658.0
2022-01-30,74760.58333333333,80471.0
2022-01-31,76377.70833333333,86473.0
2022-02-01,74088.41666666667,80056.0
2022-02-02,75123.5,80705.0
2022-02-03,80884.5,86193.0
2022-02-04,86103.41666666667,92034.0
2022-02-05,83906.16666666667,91285.0
2022-02-06,77721.66666666667,83438.0
2022-02-07,79254.54166666667,88288.0
2022-02-08,79132.04166666667,88147.0
2022-02-09,75121.29166666667,82961.0
2022-02-10,75559.20833333333,84215.0
2022-02-11,74306.875,80357.0
2022-02-12,73847.25,78486.0
2022-02-13,77210.5,81635.0
2022-02-14,80180.16666666667,90250.0
2022-02-15,77654.91666666667,86800.0
2022-02-16,72081.75,78355.0
2022-02-17,72953.29166666667,79885.0
2022-02-18,79607.20833333333,86566.0
2022-02-19,76813.75,82345.0
2022-02-20,71160.16666666667,77479.0
2022-02-21,70259.29166666667,75268.0
2022-02-22,72369.75,78321.0
2022-02-23,78849.0,84126.0
2022-02-24,81595.04166666667,87471.0
2022-02-25,80878.29166666667,85927.0
2022-02-26,76998.875,84540.0
2022-02-27,71277.25,77248.0
2022-02-28,73417.0,83474.0
2022-03-01,71617.33333333333,79365.0
2022-03-02,69935.0,76905.0
2022-03-03,70396.16666666667,76701.0
2022-03-04,71260.91666666667,77544.0
2022-03-05,64661.833333333336,72188.0
2022-03-06,62518.583333333336,67727.0
2022-03-07,69910.375,76333.0
2022-03-08,73914.0,79262.0
2022-03-09,73455.08333333333,79321.0
2022-03-10,73946.625,80655.0
2022-03-11,73979.54166666667,78782.0
2022-03-12,76747.25,81017.0
2022-03-13,71668.5,78929.0
2022-03-14,69002.58333333333,77175.0
2022-03-15,67625.33333333333,73022.0
2022-03-16,66495.58333333333,72109.0
2022-03-17,65457.375,70363.0
2022-03-18,65960.5,70602.0
2022-03-19,63646.75,68982.0
2022-03-20,60940.875,65265.0
2022-03-21,63778.166666666664,70235.0
2022-03-22,66795.04166666667,72581.0
2022-03-23,68013.91666666667,72732.0
2022-03-24,69241.95833333333,74998.0
2022-03-25,69026.41666666667,74652.0
2022-03-26,65702.125,69987.0
2022-03-27,64878.75,69102.0
2022-03-28,69924.25,75994.0
2022-03-29,71159.79166666667,74803.0
2022-03-30,69370.08333333333,73978.0
2022-03-31,68328.33333333333,73781.0
2022-04-01,69184.54166666667,74828.0
2022-04-02,63961.541666666664,68851.0
2022-04-03,61767.916666666664,65766.0
2022-04-04,65641.29166666667,71388.0
2022-04-05,67592.95833333333,71678.0
2022-04-06,68367.20833333333,72636.0
2022-04-07,67945.83333333333,72279.0
2022-04-08,68726.58333333333,73901.0
2022-04-09,64844.0,70495.0
2022-04-10,61104.416666666664,65468.0
2022-04-11,64673.666666666664,69693.0
2022-04-12,67016.58333333333,71543.0
2022-04-13,67814.95833333333,73717.0
2022-04-14,67874.83333333333,71895.0
2022-04-15,65577.08333333333,70905.0
2022-04-16,63089.916666666664,67699.0
2022-04-17,62626.125,67110.0
2022-04-18,68135.08333333333,74606.0
2022-04-19,68475.91666666667,73257.0
2022-04-20,67937.70833333333,72190.0
2022-04-21,67760.95833333333,71840.0
2022-04-22,67926.375,73884.0
2022-04-23,64747.708333333336,72680.0
2022-04-24,63278.0,70759.0
2022-04-25,67359.125,73394.0
2022-04-26,67340.54166666667,71106.0
2022-04-27,66839.33333333333,70726.0
2022-04-28,66539.08333333333,70402.0
2022-04-29,66328.375,70997.0
2022-04-30,63545.458333333336,69798.0
2022-05-01,62215.625,68978.0
2022-05-02,66937.29166666667,73567.0
2022-05-03,68989.375,74402.0
2022-05-04,68466.25,73577.0
2022-05-05,68677.20833333333,73957.0
2022-05-06,67323.29166666667,71813.0
2022-05-07,62684.0,70526.0
2022-05-08,61630.458333333336,68645.0
2022-05-09,69124.79166666667,83000.0
2022-05-10,75760.08333333333,91058.0
2022-05-11,80870.16666666667,96592.0
2022-05-12,82722.54166666667,99722.0
2022-05-13,80941.04166666667,97757.0
2022-05-14,72928.70833333333,89241.0
2022-05-15,69179.375,82971.0
2022-05-16,71007.16666666667,83725.0
2022-05-17,72361.91666666667,83213.0
2022-05-18,72471.54166666667,82900.0
2022-05-19,74525.91666666667,87430.0
2022-05-20,77174.125,89586.0
2022-05-21,71950.33333333333,86998.0
2022-05-22,63245.833333333336,72320.0
2022-05-23,65889.125,72179.0
2022-05-24,67953.83333333333,74552.0
2022-05-25,69841.375,77349.0
2022-05-26,70735.45833333333,78280.0
2022-05-27,69370.91666666667,76886.0
2022-05-28,65003.541666666664,75524.0
2022-05-29,66971.625,81764.0
2022-05-30,73173.66666666667,92480.0
2022-05-31,82291.75,98692.0
2022-06-01,81480.875,96446.0
2022-06-02,75044.45833333333,86696.0
2022-06-03,72724.58333333333,83580.0
2022-06-04,68814.5,81975.0
2022-06-05,67870.125,80447.0
2022-06-06,73833.13043478261,86680.0
2022-06-07,76699.58333333333,88123.0
2022-06-08,75883.5,87128.0
2022-06-09,74365.27272727272,87248.0
2022-06-10,74761.04166666667,86564.0
2022-06-11,70669.54166666667,83619.0
2022-06-12,74392.08333333333,92115.0
2022-06-13,85917.08333333333,104377.0
2022-06-14,92853.95833333333,113228.0
2022-06-15,95939.0,111913.0
2022-06-16,94046.5,109510.0
2022-06-17,89171.33333333333,106518.0
2022-06-18,79457.04166666667,100631.0
2022-06-19,74975.91666666667,93209.0
2022-06-20,85783.625,110964.0
2022-06-21,94536.04166666667,116392.0
2022-06-22,95767.83333333333,114896.0
2022-06-23,90418.20833333333,108918.0
2022-06-24,90514.91666666667,109581.0
2022-06-25,85743.29166666667,106389.0
2022-06-26,79508.625,96125.0
2022-06-27,76725.95833333333,90440.0
2022-06-28,78821.83333333333,95600.0
2022-06-29,82019.29166666667,101035.0
2022-06-30,87628.54166666667,105826.0
2022-07-01,86905.20833333333,104226.0
2022-07-02,77740.0,93169.0
2022-07-03,76121.33333333333,94608.0
2022-07-04,81253.54166666667,99568.0
2022-07-05,91399.58333333333,111884.0
2022-07-06,91643.75,109381.0
2022-07-07,89326.33333333333,105674.0
2022-07-08,89604.29166666667,103541.0
2022-07-09,82179.70833333333,97766.0
2022-07-10,79464.54166666667,97022.0
2022-07-11,87268.75,108411.0
2022-07-12,90055.33333333333,106917.0
2022-07-13,86639.08333333333,102704.0
2022-07-14,86001.04166666667,102596.0
2022-07-15,85522.25,100466.0
2022-07-16,82786.41666666667,98931.0
2022-07-17,81677.16666666667,96707.0
2022-07-18,88377.79166666667,111414.0
2022-07-19,95271.375,114234.0
2022-07-20,96763.83333333333,114212.0
2022-07-21,95286.08333333333,113268.0
2022-07-22,92822.45833333333,111522.0
2022-07-23,89539.25,108982.0
2022-07-24,85164.625,100817.0
2022-07-25,84442.91666666667,97754.0
2022-07-26,83298.375,97378.0
2022-07-27,85839.20833333333,101108.0
2022-07-28,86010.83333333333,99899.0
2022-07-29,81731.91666666667,93832.0
2022-07-30,76718.375,90726.0
2022-07-31,76681.5,95243.0
2022-08-01,86386.04166666667,106190.0
2022-08-02,88265.75,104932.0
2022-08-03,91853.875,108082.0
2022-08-04,87619.75,102047.0
2022-08-05,89066.125,107182.0
2022-08-06,88837.70833333333,104984.0
2022-08-07,86865.79166666667,102868.0
2022-08-08,88394.91666666667,102998.0
2022-08-09,83854.29166666667,98653.0
2022-08-10,83480.0,100755.0
2022-08-11,83604.33333333333,98509.0
2022-08-12,80117.66666666667,94370.0
2022-08-13,74452.0,87954.0
2022-08-14,72829.33333333333,86753.0
2022-08-15,80080.75,96282.0
2022-08-16,82556.45833333333,97826.0
2022-08-17,82178.45833333333,97094.0
2022-08-18,82179.25,95700.0
2022-08-19,80642.45833333333,94884.0
2022-08-20,76565.875,91119.0
2022-08-21,73644.08333333333,87925.0
2022-08-22,79231.95833333333,94265.0
2022-08-23,80622.41666666667,95258.0
2022-08-24,82082.875,97219.0
2022-08-25,82498.58333333333,96372.0
2022-08-26,81926.625,95549.0
2022-08-27,77682.83333333333,92212.0
2022-08-28,78709.83333333333,97266.0
2022-08-29,86788.08333333333,103017.0
2022-08-30,82690.375,96311.0
2022-08-31,81336.66666666667,100655.0
2022-09-01,84797.58333333333,103546.0
2022-09-02,84975.375,99939.0
2022-09-03,77147.375,94788.0
2022-09-04,69356.70833333333,82259.0
2022-09-05,68518.5,80903.0
2022-09-06,75736.91666666667,91455.0
2022-09-07,80063.70833333333,96406.0
2022-09-08,80032.29166666667,96177.0
2022-09-09,78695.33333333333,92302.0
2022-09-10,73982.20833333333,87234.0
2022-09-11,70360.33333333333,83482.0
2022-09-12,70716.91666666667,79752.0
2022-09-13,70971.08333333333,82693.0
2022-09-14,72754.45833333333,87822.0
2022-09-15,75106.66666666667,90993.0
2022-09-16,77167.95833333333,91892.0
2022-09-17,74620.91666666667,88444.0
2022-09-18,74168.79166666667,91245.0
2022-09-19,81228.125,99587.0
2022-09-20,83196.875,102385.0
2022-09-21,84137.375,99559.0
2022-09-22,75364.75,93135.0
2022-09-23,70108.04166666667,78841.0
2022-09-24,66917.45833333333,76975.0
2022-09-25,65798.5,75673.0
2022-09-26,68075.58333333333,76423.0
2022-09-27,66477.125,75486.0
2022-09-28,65630.83333333333,72715.0
2022-09-29,65260.833333333336,72144.0
2022-09-30,65033.583333333336,70752.0
2022-10-01,60756.541666666664,68635.0
2022-10-02,59100.541666666664,68191.0
2022-10-03,64833.166666666664,74094.0
2022-10-04,66770.41666666667,73911.0
2022-10-05,67149.25,75127.0
2022-10-06,67545.75,74998.0
2022-10-07,66822.66666666667,74446.0
2022-10-08,62890.208333333336,70591.0
2022-10-09,60490.458333333336,66655.0
2022-10-10,65100.333333333336,73842.0
2022-10-11,67424.625,74791.0
2022-10-12,68474.04166666667,75104.0
2022-10-13,68124.66666666667,75218.0
2022-10-14,67090.70833333333,73263.0
2022-10-15,62831.375,70699.0
2022-10-16,61425.041666666664,68431.0
2022-10-17,66600.66666666667,72082.0
2022-10-18,68362.04166666667,73606.0
2022-10-19,69211.83333333333,76708.0
2022-10-20,68727.66666666667,75950.0
2022-10-21,65958.5,70626.0
2022-10-22,61081.333333333336,68735.0
2022-10-23,59997.791666666664,68380.0
2022-10-24,65650.33333333333,73322.0
2022-10-25,66405.04166666667,74180.0
2022-10-26,65185.958333333336,71147.0
2022-10-27,66255.83333333333,72066.0
2022-10-28,65315.416666666664,70635.0
2022-10-29,61220.291666666664,67189.0
2022-10-30,58745.375,64091.0
2022-10-31,63866.625,69282.0
2022-11-01,65056.166666666664,69189.0
2022-11-02,65643.75,70862.0
2022-11-03,66134.83333333333,71870.0
2022-11-04,66561.70833333333,72880.0
2022-11-05,62875.041666666664,72153.0
2022-11-06,59583.625,66799.0
2022-11-07,66601.41666666667,74175.0
2022-11-08,68998.5,75927.0
2022-11-09,68187.5,75059.0
2022-11-10,67037.58333333333,74742.0
2022-11-11,67078.54166666667,73088.0
2022-11-12,67623.375,73835.0
2022-11-13,69254.25,73983.0
2022-11-14,74142.83333333333,80918.0
2022-11-15,74500.75,79645.0
2022-11-16,76153.75,81220.0
2022-11-17,77634.5,82841.0
2022-11-18,78797.125,84452.0
2022-11-19,75898.375,81781.0
2022-11-20,74455.95833333333,80442.0
2022-11-21,75634.25,83256.0
2022-11-22,74346.95833333333,80522.0
2022-11-23,71659.125,77447.0
2022-11-24,63794.083333333336,72511.0
2022-11-25,59989.333333333336,63731.0
2022-11-26,62561.5,66508.0
2022-11-27,62715.541666666664,68256.0
2022-11-28,69105.375,75213.0
2022-11-29,71416.79166666667,76481.0
2022-11-30,73392.79166666667,79035.0
2022-12-01,77994.75,85433.0
2022-12-02,74432.125,81460.0
2022-12-03,68764.79166666667,75566.0
2022-12-04,69901.5,76156.0
2022-12-05,73073.08333333333,77766.0
2022-12-06,73106.08333333333,79969.0
2022-12-07,72245.58333333333,78688.0
2022-12-08,73429.79166666667,79618.0
2022-12-09,72779.20833333333,79572.0
2022-12-10,69270.08333333333,77866.0
2022-12-11,66663.91666666667,73801.0
2022-12-12,71445.58333333333,77517.0
2022-12-13,73797.70833333333,79796.0
2022-12-14,72023.75,79610.0
2022-12-15,73506.75,78175.0
2022-12-16,76407.375,81686.0
2022-12-17,74989.29166666667,81127.0
2022-12-18,76179.0,80747.0
2022-12-19,81238.375,86976.0
2022-12-20,80774.0,88543.0
2022-12-21,82218.75,86923.0
2022-12-22,80918.66666666667,88188.0
2022-12-23,94218.33333333333,100555.0
2022-12-24,91355.33333333333,101533.0
2022-12-25,82962.04166666667,88923.0
2022-12-26,79085.04166666667,82094.0
2022-12-27,80438.625,86390.0
2022-12-28,76970.70833333333,84168.0
2022-12-29,68562.04166666667,75848.0
2022-12-30,65646.25,72534.0
2022-12-31,65579.91666666667,72084.0
2023-01-01,62597.875,70159.0
2023-01-02,64130.75,71591.0
2023-01-03,69095.58333333333,74687.0
2023-01-04,70340.16666666667,76146.0
2023-01-05,73280.33333333333,78634.0
2023-01-06,75362.83333333333,81938.0
2023-01-07,71374.33333333333,77246.0
2023-01-08,68888.5,74480.0
2023-01-09,73463.79166666667,81936.0
2023-01-10,73414.95833333333,79469.0
2023-01-11,71010.75,76391.0
2023-01-12,71693.875,77834.0
2023-01-13,76959.08333333333,83565.0
2023-01-14,75382.5,81997.0
2023-01-15,71230.70833333333,76464.0
2023-01-16,70281.04166666667,75526.0
2023-01-17,70145.125,75994.0
2023-01-18,72089.75,76622.0
2023-01-19,72055.375,77887.0
2023-01-20,74736.91666666667,80350.0
2023-01-21,72261.16666666667,78994.0
2023-01-22,69887.20833333333,75124.0
2023-01-23,75787.33333333333,84010.0
2023-01-24,76996.66666666667,82966.0
2023-01-25,76300.20833333333,81075.0
2023-01-26,79140.16666666667,85966.0
2023-01-27,79069.66666666667,86872.0
2023-01-28,72558.08333333333,78679.0
2023-01-29,69254.375,74846.0
2023-01-30,77831.95833333333,84761.0
2023-01-31,83588.375,88580.0
2023-02-01,83532.83333333333,89287.0
2023-02-02,81522.5,87694.0
2023-02-03,83292.16666666667,91172.0
2023-02-04,78110.875,85263.0
2023-02-05,69209.0,75130.0
2023-02-06,71883.33333333333,81451.0
2023-02-07,70909.58333333333,76635.0
2023-02-08,70980.45833333333,76043.0
2023-02-09,71596.20833333333,76486.0
2023-02-10,73421.83333333333,79528.0
2023-02-11,71228.08333333333,77100.0
2023-02-12,68693.375,73801.0
2023-02-13,69685.625,79630.0
2023-02-14,70281.29166666667,75167.0
2023-02-15,68923.5,74305.0
2023-02-16,71914.83333333333,76736.0
2023-02-17,76558.0,83671.0
2023-02-18,73503.20833333333,80372.0
2023-02-19,65831.125,71468.0
2023-02-20,67839.25,73235.0
2023-02-21,70959.16666666667,75198.0
2023-02-22,72146.125,77064.0
2023-02-23,70856.25,77024.0
2023-02-24,74780.125,79455.0
2023-02-25,70070.25,78417.0
2023-02-26,65792.45833333333,71943.0
2023-02-27,69290.04166666667,74733.0
2023-02-28,70168.75,75591.0
2023-03-01,69337.16666666667,74938.0
2023-03-02,70937.125,75289.0
2023-03-03,71307.66666666667,76314.0
2023-03-04,65397.5,73469.0
2023-03-05,62603.125,66781.0
2023-03-06,67115.70833333333,72982.0
2023-03-07,69832.83333333333,75079.0
2023-03-08,71537.375,76288.0
2023-03-09,72181.20833333333,77492.0
2023-03-10,71765.375,77764.0
2023-03-11,67979.45833333333,74012.0
2023-03-12,67265.33333333333,72372.0
2023-03-13,71964.66666666667,78465.0
2023-03-14,73622.16666666667,81067.0
2023-03-15,71864.95833333333,80540.0
2023-03-16,70016.79166666667,75126.0
2023-03-17,70986.45833333333,77164.0
2023-03-18,72040.41666666667,76606.0
2023-03-19,71360.29166666667,76560.0
2023-03-20,73953.54166666667,85668.0
2023-03-21,71627.0,78521.0
2023-03-22,69570.625,73860.0
2023-03-23,68187.33333333333,72372.0
2023-03-24,69393.91666666667,73302.0
2023-03-25,65525.166666666664,71244.0
2023-03-26,62982.75,67844.0
2023-03-27,67565.875,72997.0
2023-03-28,69664.70833333333,75115.0
2023-03-29,69065.70833333333,75160.0
2023-03-30,69198.20833333333,75396.0
2023-03-31,67596.79166666667,71829.0
2023-04-01,63825.791666666664,69873.0
2023-04-02,62031.666666666664,67526.0
2023-04-03,66571.33333333333,72757.0
2023-04-04,69437.04166666667,75680.0
2023-04-05,69736.41666666667,75593.0
2023-04-06,68459.04166666667,72752.0
2023-04-07,65248.0,71004.0
2023-04-08,60435.291666666664,65473.0
2023-04-09,57486.166666666664,62788.0
2023-04-10,61998.375,67174.0
2023-04-11,64431.0,68867.0
2023-04-12,65199.958333333336,71759.0
2023-04-13,66293.20833333333,72910.0
2023-04-14,66632.91666666667,74376.0
2023-04-15,63349.208333333336,72625.0
2023-04-16,60236.5,68457.0
2023-04-17,65318.958333333336,70894.0
2023-04-18,65906.41666666667,70816.0
2023-04-19,66032.58333333333,72820.0
2023-04-20,67830.83333333333,73547.0
2023-04-21,65844.91666666667,72574.0
2023-04-22,62062.708333333336,67043.0
2023-04-23,61108.625,65655.0
2023-04-24,65453.875,71390.0
2023-04-25,65870.29166666667,69950.0
2023-04-26,65890.0,69380.0
2023-04-27,65663.08333333333,69768.0
2023-04-28,65186.958333333336,69293.0
2023-04-29,60552.416666666664,67837.0
2023-04-30,59079.416666666664,64779.0
2023-05-01,64775.291666666664,70049.0
2023-05-02,66200.66666666667,70360.0
2023-05-03,65913.375,69848.0
2023-05-04,65899.70833333333,70951.0
2023-05-05,66493.0,71739.0
2023-05-06,62837.333333333336,70496.0
2023-05-07,63220.166666666664,73343.0
2023-05-08,68584.45833333333,77686.0
2023-05-09,69212.875,76992.0
2023-05-10,68939.16666666667,77132.0
2023-05-11,70791.29166666667,80231.0
2023-05-12,72628.58333333333,80812.0
2023-05-13,68422.0,78611.0
2023-05-14,64937.916666666664,74542.0
2023-05-15,68776.04166666667,78919.0
2023-05-16,70276.20833333333,79248.0
2023-05-17,69066.75,78059.0
2023-05-18,69260.625,79370.0
2023-05-19,70166.70833333333,78615.0
2023-05-20,65046.916666666664,75632.0
2023-05-21,62449.625,71602.0
2023-05-22,68820.16666666667,82716.0
2023-05-23,72560.95833333333,86127.0
2023-05-24,73098.125,85498.0
2023-05-25,70117.25,81324.0
2023-05-26,68322.70833333333,77503.0
2023-05-27,64062.416666666664,76397.0
2023-05-28,63579.875,75819.0
2023-05-29,66338.75,83922.0
2023-05-30,76100.58333333333,95954.0
2023-05-31,81950.20833333333,99088.0
2023-06-01,83891.70833333333,101612.0
2023-06-02,84997.41666666667,102736.0
2023-06-03,80894.83333333333,99251.0
2023-06-04,75897.16666666667,94476.0
2023-06-05,77557.5,92380.0
2023-06-06,77603.33333333333,91578.0
2023-06-07,76584.625,89192.0
2023-06-08,74994.875,86692.0
2023-06-09,74454.25,88807.0
2023-06-10,73105.75,87065.0
2023-06-11,67665.79166666667,81654.0
2023-06-12,70501.16666666667,80408.0
2023-06-13,72581.29166666667,84577.0
2023-06-14,76394.29166666667,90290.0
2023-06-15,78289.20833333333,91719.0
2023-06-16,76377.16666666667,90114.0
2023-06-17,73488.20833333333,88015.0
2023-06-18,72839.625,86683.0
2023-06-19,80499.45833333333,101492.0
2023-06-20,85816.29166666667,103635.0
2023-06-21,86331.375,104657.0
2023-06-22,85857.0,102683.0
2023-06-23,84097.0,99099.0
2023-06-24,81539.25,99317.0
2023-06-25,82024.20833333333,97866.0
2023-06-26,80671.0,93002.0
2023-06-27,81654.70833333333,95827.0
2023-06-28,82888.16666666667,100827.0
2023-06-29,87706.75,101619.0
2023-06-30,89252.08333333333,107744.0
2023-07-01,84837.5,104945.0
2023-07-02,79799.0,94115.0
2023-07-03,82497.95833333333,102751.0
2023-07-04,82734.66666666667,100600.0
2023-07-05,87124.16666666667,104783.0
2023-07-06,84478.5,100278.0
2023-07-07,80894.375,94705.0
2023-07-08,76383.66666666667,91826.0
2023-07-09,73103.66666666667,89582.0
2023-07-10,82753.08333333333,104781.0
2023-07-11,86610.54166666667,103631.0
2023-07-12,84463.58333333333,99452.0
2023-07-13,85116.95833333333,101009.0
2023-07-14,88433.58333333333,106686.0
2023-07-15,83194.25,102974.0
2023-07-16,78422.25,94137.0
2023-07-17,80618.08333333333,97880.0
2023-07-18,82451.33333333333,98726.0
2023-07-19,86207.125,104378.0
2023-07-20,89082.79166666667,103459.0
2023-07-21,85251.83333333333,101577.0
2023-07-22,80178.95833333333,95627.0
2023-07-23,77075.66666666667,97099.0
2023-07-24,86562.875,108676.0
2023-07-25,91586.83333333333,113580.0
2023-07-26,93523.75,111576.0
2023-07-27,95852.66666666667,116545.0
2023-07-28,97125.5,115441.0
2023-07-29,88859.79166666667,111979.0
2023-07-30,81354.29166666667,99218.0
2023-07-31,85280.20833333333,103240.0
2023-08-01,86710.91666666667,105291.0
2023-08-02,88949.16666666667,105635.0
2023-08-03,91742.875,111489.0
2023-08-04,93427.875,109738.0
2023-08-05,86285.66666666667,105547.0
2023-08-06,80164.875,95988.0
2023-08-07,83246.25,97209.0
2023-08-08,84641.33333333333,100897.0
2023-08-09,85710.20833333333,99799.0
2023-08-10,86315.5,103310.0
2023-08-11,88047.79166666667,105703.0
2023-08-12,85421.5,103118.0
2023-08-13,80873.70833333333,98441.0
2023-08-14,83241.91666666667,95698.0
2023-08-15,80828.16666666667,93661.0
2023-08-16,80379.16666666667,98719.0
2023-08-17,81115.70833333333,97367.0
2023-08-18,79625.20833333333,94777.0
2023-08-19,79604.04166666667,100767.0
2023-08-20,86067.33333333333,109709.0
2023-08-21,93708.375,111077.0
2023-08-22,94624.95833333333,114639.0
2023-08-23,99254.375,120781.0
2023-08-24,102126.0,119057.0
2023-08-25,97862.45833333333,116491.0
2023-08-26,86116.66666666667,108337.0
2023-08-27,76564.20833333333,90920.0
2023-08-28,79709.875,96847.0
2023-08-29,81755.83333333333,97003.0
2023-08-30,79570.375,94815.0
2023-08-31,77185.125,90942.0
2023-09-01,77710.5,95968.0
2023-09-02,78323.70833333333,96638.0
2023-09-03,82036.125,103725.0
2023-09-04,86499.16666666667,106947.0
2023-09-05,91539.375,110296.0
2023-09-06,88799.04166666667,106756.0
2023-09-07,81227.08333333333,95151.0
2023-09-08,76137.25,87377.0
2023-09-09,70278.29166666667,80745.0
2023-09-10,68570.66666666667,82622.0
2023-09-11,73208.125,84851.0
2023-09-12,73697.04166666667,83423.0
2023-09-13,71577.95833333333,80647.0
2023-09-14,70666.16666666667,80443.0
2023-09-15,71678.54166666667,81381.0
2023-09-16,68118.20833333333,78933.0
2023-09-17,66064.0,77020.0
2023-09-18,70080.08333333333,82707.0
2023-09-19,72162.66666666667,84495.0
2023-09-20,74060.875,87277.0
2023-09-21,76993.0,91491.0
2023-09-22,77818.29166666667,88809.0
2023-09-23,72817.20833333333,84124.0
2023-09-24,69731.5,81083.0
2023-09-25,74564.375,87419.0
2023-09-26,75783.45833333333,86866.0
2023-09-27,74505.625,85764.0
2023-09-28,74379.29166666667,84943.0
2023-09-29,74370.04166666667,88008.0
2023-09-30,72379.625,88593.0
2023-10-01,72305.83333333333,90410.0
2023-10-02,77158.75,95838.0
2023-10-03,78100.29166666667,94052.0
2023-10-04,76266.75,90093.0
2023-10-05,71988.91666666667,83325.0
2023-10-06,67763.66666666667,75876.0
2023-10-07,61121.333333333336,70841.0
2023-10-08,58653.5,64333.0
2023-10-09,63765.041666666664,71134.0
2023-10-10,66121.625,72238.0
2023-10-11,66099.125,72240.0
2023-10-12,65813.625,71520.0
2023-10-13,66877.0,73373.0
2023-10-14,62143.416666666664,72250.0
2023-10-15,58909.708333333336,65071.0
2023-10-16,63876.208333333336,69412.0
2023-10-17,65764.20833333333,70646.0
2023-10-18,65792.625,70571.0
2023-10-19,66092.54166666667,71586.0
2023-10-20,66260.0,72002.0
2023-10-21,62734.625,71088.0
2023-10-22,61219.583333333336,67790.0
2023-10-23,66369.83333333333,74507.0
2023-10-24,68634.875,75419.0
2023-10-25,69059.83333333333,75988.0
2023-10-26,69567.54166666667,76138.0
2023-10-27,69904.04166666667,76671.0
2023-10-28,65286.875,74528.0
2023-10-29,63805.333333333336,71264.0
2023-10-30,68568.125,74208.0
2023-10-31,72698.20833333333,78797.0
2023-11-01,73467.875,80606.0
2023-11-02,72880.54166666667,80850.0
2023-11-03,69658.5,76178.0
2023-11-04,63486.416666666664,69868.0
2023-11-05,61592.458333333336,66353.0
2023-11-06,65617.58333333333,72161.0
2023-11-07,67684.5,73737.0
2023-11-08,68907.41666666667,75552.0
2023-11-09,68017.29166666667,76516.0
2023-11-10,67574.875,73986.0
2023-11-11,64649.166666666664,71848.0
2023-11-12,62052.875,67972.0
2023-11-13,65729.375,71711.0
2023-11-14,67720.91666666667,72685.0
2023-11-15,67545.75,72705.0
2023-11-16,66865.54166666667,71933.0
2023-11-17,66366.08333333333,72135.0
2023-11-18,64239.375,71372.0
2023-11-19,63043.791666666664,67646.0
2023-11-20,67450.54166666667,74823.0
2023-11-21,69696.58333333333,76377.0
2023-11-22,69982.875,75694.0
2023-11-23,65935.33333333333,74191.0
2023-11-24,63922.875,68184.0
2023-11-25,66626.45833333333,70762.0
2023-11-26,66374.08333333333,72223.0
2023-11-27,74684.0,82664.0
2023-11-28,78481.33333333333,85420.0
2023-11-29,77225.08333333333,84188.0
2023-11-30,73702.08333333333,78957.0
2023-12-01,71543.58333333333,77472.0
2023-12-02,67871.41666666667,75690.0
2023-12-03,66022.45833333333,72358.0
2023-12-04,71178.41666666667,77081.0
2023-12-05,74107.54166666667,79686.0
2023-12-06,74281.08333333333,79861.0
2023-12-07,73733.33333333333,80927.0
2023-12-08,70251.79166666667,75537.0
2023-12-09,64922.958333333336,73261.0
2023-12-10,66881.625,73074.0
2023-12-11,75782.5,84614.0
2023-12-12,76469.70833333333,84167.0
2023-12-13,75718.79166666667,82908.0
2023-12-14,74085.875,80892.0
2023-12-15,71841.08333333333,77340.0
2023-12-16,67239.70833333333,74104.0
2023-12-17,66305.20833333333,71674.0
2023-12-18,73551.83333333333,81830.0
2023-12-19,78480.875,86271.0
2023-12-20,76310.625,82297.0
2023-12-21,73686.66666666667,78943.0
2023-12-22,69988.0,76471.0
2023-12-23,64155.916666666664,72909.0
2023-12-24,60902.458333333336,67295.0
2023-12-25,58784.75,63771.0
2023-12-26,63896.833333333336,70401.0
2023-12-27,69844.75,74093.0
2023-12-28,72253.83333333333,76642.0
2023-12-29,73225.70833333333,78281.0
2023-12-30,71018.04166666667,76831.0
2023-12-31,69103.16666666667,72854.0
2024-01-01,68159.16666666667,73136.0
2024-01-02,74471.45833333333,82209.0
2024-01-03,76873.29166666667,81893.0
2024-01-04,77742.79166666667,84185.0
2024-01-05,78987.83333333333,83744.0
2024-01-06,73543.08333333333,81550.0
2024-01-07,71852.41666666667,76639.0
2024-01-08,75857.125,81410.0
2024-01-09,75840.125,81967.0
2024-01-10,78681.625,85931.0
2024-01-11,76346.45833333333,82208.0
2024-01-12,74649.83333333333,79841.0
2024-01-13,78832.16666666667,83248.0
2024-01-14,83475.875,88140.0
2024-01-15,91357.625,96711.0
2024-01-16,96322.125,102133.0
2024-01-17,95513.25,102621.0
2024-01-18,86506.08333333333,93432.0
2024-01-19,84142.25,91128.0
2024-01-20,88449.75,94503.0
2024-01-21,87067.625,91385.0
2024-01-22,82939.95833333333,89027.0
2024-01-23,76426.08333333333,84355.0
2024-01-24,73130.33333333333,79673.0
2024-01-25,71955.875,77443.0
2024-01-26,72214.625,77080.0
2024-01-27,68913.91666666667,75307.0
2024-01-28,69237.04166666667,73727.0
2024-01-29,74462.79166666667,83624.0
2024-01-30,74503.91666666667,81000.0
2024-01-31,72214.58333333333,79111.0
2024-02-01,71912.20833333333,79745.0
2024-02-02,70495.29166666667,77032.0
2024-02-03,67354.33333333333,73121.0
2024-02-04,65483.833333333336,71136.0
2024-02-05,70353.83333333333,78611.0
2024-02-06,72151.08333333333,80692.0
2024-02-07,71542.75,79023.0
2024-02-08,68809.04166666667,74040.0
2024-02-09,66979.04166666667,72274.0
2024-02-10,64583.5,70532.0
2024-02-11,65088.25,70215.0
2024-02-12,69175.875,75413.0
2024-02-13,73119.29166666667,80804.0
2024-02-14,71602.66666666667,80009.0
2024-02-15,70488.29166666667,76723.0
2024-02-16,72546.70833333333,77522.0
2024-02-17,73845.20833333333,78393.0
2024-02-18,73366.375,80391.0
2024-02-19,73872.29166666667,84237.0
2024-02-20,71422.0,80337.0
2024-02-21,67996.625,74772.0
2024-02-22,65989.75,70997.0
2024-02-23,66880.375,71544.0
2024-02-24,65630.75,70930.0
2024-02-25,63651.583333333336,69063.0
2024-02-26,65362.291666666664,71725.0
2024-02-27,66395.20833333333,71403.0
2024-02-28,69903.16666666667,74862.0
2024-02-29,73550.91666666667,80141.0
2024-03-01,71040.75,76352.0
2024-03-02,64257.875,71223.0
2024-03-03,60415.75,65248.0
2024-03-04,64772.208333333336,70349.0
2024-03-05,66309.20833333333,72537.0
2024-03-06,66477.58333333333,71713.0
2024-03-07,67291.79166666667,72470.0
2024-03-08,67350.45833333333,72148.0
2024-03-09,63660.791666666664,70526.0
2024-03-10,63485.208333333336,67982.0
2024-03-11,66230.58333333333,75212.0
2024-03-12,65100.458333333336,71522.0
2024-03-13,64133.083333333336,68423.0
2024-03-14,65590.5,70724.0
2024-03-15,65614.79166666667,71564.0
2024-03-16,61441.625,66363.0
2024-03-17,61124.291666666664,65764.0
2024-03-18,69435.70833333333,76249.0
2024-03-19,71138.33333333333,80015.0
2024-03-20,68306.95833333333,75463.0
2024-03-21,69772.04166666667,76276.0
2024-03-22,69327.33333333333,74034.0
2024-03-23,65263.958333333336,70446.0
2024-03-24,63893.875,67523.0
2024-03-25,66769.04166666667,71923.0
2024-03-26,68001.0,72702.0
2024-03-27,69532.41666666667,75522.0
2024-03-28,68946.08333333333,76256.0
2024-03-29,64336.416666666664,68735.0
2024-03-30,60024.666666666664,64457.0
2024-03-31,59506.583333333336,64818.0
2024-04-01,65190.041666666664,72307.0
2024-04-02,68307.29166666667,72825.0
2024-04-03,67364.41666666667,72005.0
2024-04-04,68184.58333333333,73290.0
2024-04-05,67129.75,72129.0
2024-04-06,61913.791666666664,68591.0
2024-04-07,60911.125,66067.0
2024-04-08,64811.333333333336,69134.0
2024-04-09,65238.5,69593.0
2024-04-10,64881.791666666664,69363.0
2024-04-11,64383.708333333336,68316.0
2024-04-12,64044.208333333336,68322.0
2024-04-13,60526.916666666664,66234.0
2024-04-14,59579.5,68664.0
2024-04-15,66032.70833333333,75093.0
2024-04-16,68809.08333333333,75092.0
2024-04-17,68368.29166666667,74125.0
2024-04-18,67599.45833333333,73441.0
2024-04-19,66616.95833333333,72764.0
2024-04-20,62807.25,68757.0
2024-04-21,59083.083333333336,65174.0
2024-04-22,63140.833333333336,68853.0
2024-04-23,64028.416666666664,67512.0
2024-04-24,64646.333333333336,68356.0
2024-04-25,65431.166666666664,69997.0
2024-04-26,66243.66666666667,70775.0
2024-04-27,63382.958333333336,69502.0
2024-04-28,63498.916666666664,70918.0
2024-04-29,67236.41666666667,72210.0
2024-04-30,67743.375,77267.0
2024-05-01,69360.875,78770.0
2024-05-02,70471.83333333333,78428.0
2024-05-03,68541.70833333333,75743.0
2024-05-04,64681.041666666664,72362.0
2024-05-05,62372.5,71325.0
2024-05-06,67245.08333333333,77281.0
2024-05-07,71271.5,79902.0
2024-05-08,71460.04166666667,79256.0
2024-05-09,71225.375,78531.0
2024-05-10,68047.625,75775.0
2024-05-11,62320.25,71687.0
2024-05-12,61369.583333333336,69192.0
2024-05-13,67970.41666666667,75945.0
2024-05-14,68433.375,75480.0
2024-05-15,68878.45833333333,78771.0
2024-05-16,70591.16666666667,78518.0
2024-05-17,70188.91666666667,78999.0
2024-05-18,69206.16666666667,83033.0
2024-05-19,70492.125,86285.0
2024-05-20,76220.58333333333,91450.0
2024-05-21,78902.04166666667,93506.0
2024-05-22,77595.41666666667,91570.0
2024-05-23,74202.83333333333,86867.0
2024-05-24,75530.41666666667,85974.0
2024-05-25,69954.375,81952.0
2024-05-26,68709.54166666667,80187.0
2024-05-27,67871.45833333333,78489.0
2024-05-28,71143.04166666667,80298.0
2024-05-29,70324.41666666667,79697.0
2024-05-30,71138.875,81615.0
2024-05-31,71103.04166666667,80680.0
2024-06-01,67824.20833333333,76479.0
2024-06-02,66881.41666666667,80757.0
2024-06-03,76198.29166666667,94328.0
2024-06-04,81649.91666666667,95346.0
2024-06-05,79298.75,91782.0
2024-06-06,76524.41666666667,87266.0
2024-06-07,74992.16666666667,87165.0
2024-06-08,71244.625,85759.0
2024-06-09,69741.08333333333,81059.0
2024-06-10,72619.0,83280.0
2024-06-11,73622.95833333333,86929.0
2024-06-12,78224.58333333333,96825.0
2024-06-13,84334.29166666667,102239.0
2024-06-14,84729.16666666667,100382.0
2024-06-15,78558.08333333333,97307.0
2024-06-16,78907.95833333333,97553.0
2024-06-17,89298.08333333333,105042.0
2024-06-18,90742.625,103737.0
2024-06-19,89952.54166666667,104055.0
2024-06-20,88903.25,102795.0
2024-06-21,88462.875,105200.0
2024-06-22,86008.66666666667,101983.0
2024-06-23,82770.08333333333,98304.0
2024-06-24,87984.66666666667,109244.0
2024-06-25,92952.29166666667,108246.0
2024-06-26,87876.875,104332.0
2024-06-27,82551.54166666667,96118.0
2024-06-28,81739.0,93771.0
2024-06-29,83098.0,97961.0
2024-06-30,78006.625,97055.0
2024-07-01,79121.83333333333,85330.0
2024-07-02,79681.66666666667,97469.0
2024-07-03,87412.25,103510.0
2024-07-04,83228.08333333333,101831.0
2024-07-05,79297.08333333333,92032.0
2024-07-06,76857.20833333333,91507.0
2024-07-07,78253.125,96315.0
2024-07-08,85691.95833333333,102312.0
2024-07-09,85703.08333333333,99839.0
2024-07-10,83593.83333333333,96742.0
2024-07-11,85240.0,102750.0
2024-07-12,87470.41666666667,105385.0
2024-07-13,87443.20833333333,104855.0
2024-07-14,87481.58333333333,107283.0
2024-07-15,94902.91666666667,114734.0
2024-07-16,92702.79166666667,112807.0
2024-07-17,87246.625,102414.0
2024-07-18,80282.875,95039.0
2024-07-19,78432.125,91920.0
2024-07-20,77019.33333333333,91352.0
2024-07-21,77072.70833333333,90883.0
2024-07-22,83026.16666666667,99526.0
2024-07-23,84297.91666666667,97282.0
2024-07-24,83438.75,96203.0
2024-07-25,82968.33333333333,97507.0
2024-07-26,82759.0,96573.0
2024-07-27,80179.04166666667,95109.0
2024-07-28,81367.83333333333,99762.0
2024-07-29,90253.58333333333,110557.0
2024-07-30,94292.45833333333,112264.0
2024-07-31,95487.33333333333,114246.0
2024-08-01,94961.875,112179.0
2024-08-02,93063.25,108976.0
2024-08-03,89249.66666666667,106426.0
2024-08-04,86872.5,107808.0
2024-08-05,93279.95833333333,110897.0
2024-08-06,89837.95833333333,108350.0
2024-08-07,84697.375,98176.0
2024-08-08,84373.83333333333,99223.0
2024-08-09,81788.91666666667,97231.0
2024-08-10,73170.83333333333,87682.0
2024-08-11,71818.91666666667,87003.0
2024-08-12,79661.91666666667,95767.0
2024-08-13,84149.95833333333,100783.0
2024-08-14,86616.5,102395.0
2024-08-15,86959.79166666667,101444.0
2024-08-16,88105.08333333333,104490.0
2024-08-17,84167.16666666667,101379.0
2024-08-18,80479.625,97339.0
2024-08-19,82274.20833333333,96078.0
2024-08-20,79486.0,93327.0
2024-08-21,77028.83333333333,89989.0
2024-08-22,77297.04166666667,91324.0
2024-08-23,79788.04166666667,97240.0
2024-08-24,81339.70833333333,101052.0
2024-08-25,85285.20833333333,108167.0
2024-08-26,96330.66666666667,121560.0
2024-08-27,97421.0,118849.0
2024-08-28,91959.125,109472.0
2024-08-29,89527.66666666667,105239.0
2024-08-30,87452.70833333333,100930.0
2024-08-31,79346.58333333333,96583.0
2024-09-01,74214.25,89501.0
2024-09-02,70273.0,84126.0
2024-09-03,74630.95833333333,89332.0
2024-09-04,77585.0,91703.0
2024-09-05,80709.83333333333,93433.0
2024-09-06,77987.375,92212.0
2024-09-07,65750.45833333333,78019.0
2024-09-08,62959.458333333336,73577.0
2024-09-09,69567.70833333333,85030.0
2024-09-10,74332.04166666667,86119.0
2024-09-11,75359.08333333333,89439.0
2024-09-12,75460.625,89429.0
2024-09-13,76990.95833333333,89863.0
2024-09-14,75523.04166666667,91264.0
2024-09-15,75870.25,92440.0
2024-09-16,80410.45833333333,98236.0
2024-09-17,80688.08333333333,97580.0
2024-09-18,80903.58333333333,99024.0
2024-09-19,83122.125,102558.0
2024-09-20,83893.95833333333,100781.0
2024-09-21,79617.75,96795.0
2024-09-22,73341.625,89825.0
2024-09-23,73809.91666666667,82462.0
2024-09-24,74210.20833333333,83633.0
2024-09-25,73663.45833333333,84200.0
2024-09-26,73120.45833333333,84249.0
2024-09-27,71285.875,82461.0
2024-09-28,68085.33333333333,78670.0
2024-09-29,67946.83333333333,81597.0
2024-09-30,74192.79166666667,87729.0
2024-10-01,73628.875,86341.0
2024-10-02,69815.16666666667,79168.0
2024-10-03,70173.33333333333,80509.0
2024-10-04,70521.5,79344.0
2024-10-05,67734.25,79639.0
2024-10-06,67332.875,77653.0
2024-10-07,68900.58333333333,77458.0
2024-10-08,67862.875,76925.0
2024-10-09,67213.875,76520.0
2024-10-10,68669.125,78263.0
2024-10-11,68785.95833333333,78494.0
2024-10-12,65429.791666666664,76453.0
2024-10-13,64030.375,73107.0
2024-10-14,67441.58333333333,75160.0
2024-10-15,68407.625,75719.0
2024-10-16,67518.5,75463.0
2024-10-17,66970.54166666667,72375.0
2024-10-18,65939.33333333333,70622.0
2024-10-19,62245.041666666664,68967.0
2024-10-20,61154.291666666664,69688.0
2024-10-21,66337.625,75692.0
2024-10-22,67360.83333333333,75753.0
2024-10-23,67237.5,75059.0
2024-10-24,67734.29166666667,74426.0
2024-10-25,66999.5,74143.0
2024-10-26,63236.5,72333.0
2024-10-27,61683.625,68858.0
2024-10-28,67002.625,75650.0
2024-10-29,70044.45833333333,78947.0
2024-10-30,72065.83333333333,79455.0
2024-10-31,71001.08333333333,79047.0
2024-11-01,67141.0,71542.0
2024-11-02,64459.333333333336,70842.0
2024-11-03,62975.375,70042.0
2024-11-04,68478.45833333333,76500.0
2024-11-05,69975.41666666667,77193.0
2024-11-06,69122.875,75926.0
2024-11-07,68813.16666666667,75930.0
2024-11-08,68585.66666666667,75121.0
2024-11-09,64948.0,72599.0
2024-11-10,62861.958333333336,69386.0
2024-11-11,65790.41666666667,73187.0
2024-11-12,68175.16666666667,74784.0
2024-11-13,69824.58333333333,74846.0
2024-11-14,68753.45833333333,75747.0
2024-11-15,67995.08333333333,73955.0
2024-11-16,64243.125,71511.0
2024-11-17,62929.958333333336,68647.0
2024-11-18,67343.79166666667,73932.0
2024-11-19,68710.875,75453.0
2024-11-20,68290.875,74610.0
2024-11-21,72330.83333333333,77591.0
2024-11-22,72623.58333333333,78479.0
2024-11-23,68637.875,75090.0
2024-11-24,65752.54166666667,71134.0
2024-11-25,68393.625,75715.0
2024-11-26,72130.91666666667,77212.0
2024-11-27,72906.08333333333,77839.0
2024-11-28,68753.0,77414.0
2024-11-29,68984.20833333333,74089.0
2024-11-30,74237.16666666667,77449.0
2024-12-01,73442.625,78146.0
2024-12-02,78879.16666666667,86111.0
2024-12-03,80717.91666666667,87110.0
2024-12-04,79712.625,85421.0
2024-12-05,79273.5,85208.0
2024-12-06,82024.08333333333,89678.0
2024-12-07,75537.0,83619.0
2024-12-08,68289.70833333333,75519.0
2024-12-09,69517.0,75595.0
2024-12-10,73148.04166666667,78888.0
2024-12-11,78046.375,84232.0
2024-12-12,84855.29166666667,92170.0
2024-12-13,83059.29166666667,88545.0
2024-12-14,75631.20833333333,84327.0
2024-12-15,69192.5,76872.0
2024-12-16,71035.58333333333,76768.0
2024-12-17,73423.875,78667.0
2024-12-18,74291.20833333333,79880.0
2024-12-19,77110.16666666667,81877.0
2024-12-20,78327.58333333333,83824.0
2024-12-21,77297.95833333333,82526.0
2024-12-22,76518.58333333333,80939.0
2024-12-23,76205.58333333333,82031.0
2024-12-24,69882.625,77153.0
2024-12-25,65333.083333333336,70650.0
2024-12-26,66246.33333333333,72868.0
2024-12-27,68204.41666666667,74266.0
2024-12-28,65019.708333333336,72760.0
2024-12-29,63722.0,69439.0
2024-12-30,68178.79166666667,72819.0
2024-12-31,69243.875,74583.0
2025-01-01,69303.58333333333,75428.0
2025-01-02,75501.04166666667,82292.0
2025-01-03,76847.20833333333,82243.0
2025-01-04,77569.20833333333,82445.0
2025-01-05,76193.125,82249.0
2025-01-06,82469.45833333333,90129.0
2025-01-07,87153.29166666667,92536.0
2025-01-08,87317.625,93857.0
2025-01-09,88229.95833333333,95173.0
2025-01-10,85307.33333333333,91262.0
2025-01-11,80181.91666666667,89158.0
2025-01-12,77579.25,81415.0
2025-01-13,81073.125,89227.0
2025-01-14,86151.66666666667,94031.0
2025-01-15,85962.20833333333,93190.0
2025-01-16,81571.83333333333,88671.0
2025-01-17,78646.91666666667,86656.0
2025-01-18,73281.08333333333,79239.0
2025-01-19,80339.45833333333,86774.0
2025-01-20,93992.875,100907.0
2025-01-21,98046.95833333333,104434.0
2025-01-22,97781.125,104102.0
2025-01-23,90175.375,97370.0
2025-01-24,89056.33333333333,98119.0
2025-01-25,81357.79166666667,88080.0
2025-01-26,73715.25,79277.0
2025-01-27,77017.04166666667,85078.0
2025-01-28,76471.625,83765.0
2025-01-29,73459.45833333333,79975.0
2025-01-30,73650.75,78222.0
2025-01-31,71490.58333333333,77437.0
2025-02-01,70787.125,75221.0
2025-02-02,69041.20833333333,74215.0
2025-02-03,70562.75,76058.0
2025-02-04,73849.375,78870.0
2025-02-05,77308.70833333333,82197.0
2025-02-06,76023.58333333333,82980.0
2025-02-07,76769.95833333333,81738.0
2025-02-08,73016.04166666667,80148.0
2025-02-09,72622.04166666667,77774.0
2025-02-10,76991.91666666667,83885.0
2025-02-11,79081.0,83624.0
2025-02-12,80933.25,85543.0
2025-02-13,81463.75,87442.0
2025-02-14,84079.625,90261.0
2025-02-15,74319.16666666667,83371.0
2025-02-16,73308.45833333333,77732.0
2025-02-17,84290.29166666667,92558.0
2025-02-18,87538.66666666667,93625.0
2025-02-19,89740.66666666667,94880.0
2025-02-20,93901.91666666667,101496.0
2025-02-21,90163.0,98239.0
2025-02-22,80138.29166666667,88159.0
2025-02-23,73946.95833333333,79073.0
2025-02-24,73474.04166666667,81062.0
2025-02-25,70386.625,77730.0
2025-02-26,69701.0,76089.0
2025-02-27,68993.41666666667,74284.0
2025-02-28,69706.125,76203.0
2025-03-01,67139.5,71304.0
2025-03-02,68861.16666666667,73918.0
2025-03-03,71142.16666666667,77835.0
2025-03-04,69746.45833333333,74652.0
2025-03-05,71022.95833333333,76147.0
2025-03-06,74613.83333333333,81876.0
2025-03-07,71926.375,77080.0
2025-03-08,66015.54166666667,72780.0
2025-03-09,63830.583333333336,69105.0
2025-03-10,66851.29166666667,75912.0
2025-03-11,66481.75,73698.0
2025-03-12,66484.33333333333,72315.0
2025-03-13,66441.125,70671.0
2025-03-14,65623.29166666667,71681.0
2025-03-15,62232.458333333336,69659.0
2025-03-16,61561.833333333336,65528.0
2025-03-17,67987.625,77034.0
2025-03-18,66665.5,72251.0
2025-03-19,66574.04166666667,70733.0
2025-03-20,68211.54166666667,74930.0
2025-03-21,69362.70833333333,77824.0
2025-03-22,63755.166666666664,68230.0
2025-03-23,63353.291666666664,68373.0
2025-03-24,67484.5,72793.0
2025-03-25,68188.79166666667,72491.0
2025-03-26,67987.16666666667,72416.0
2025-03-27,67460.16666666667,71437.0
2025-03-28,66314.29166666667,70594.0
2025-03-29,63296.75,68627.0
2025-03-30,62703.25,69992.0
2025-03-31,66840.625,71300.0
2025-04-01,68680.54166666667,72966.0
2025-04-02,70994.875,76482.0
2025-04-03,69526.70833333333,74726.0
2025-04-04,70013.95833333333,73980.0
2025-04-05,66375.375,72810.0
2025-04-06,63223.041666666664,68674.0
2025-04-07,66839.70833333333,73736.0
2025-04-08,68855.20833333333,76119.0
2025-04-09,68293.41666666667,73825.0
2025-04-10,67365.04166666667,71253.0
2025-04-11,66675.29166666667,71622.0
2025-04-12,61917.666666666664,68005.0
2025-04-13,60135.333333333336,66221.0
2025-04-14,65150.458333333336,71431.0
2025-04-15,66412.70833333333,71502.0
2025-04-16,65927.58333333333,70782.0
2025-04-17,66012.54166666667,71383.0
2025-04-18,65766.58333333333,71686.0
2025-04-19,62629.791666666664,70792.0
2025-04-20,61101.875,66305.0
2025-04-21,65208.208333333336,71058.0
2025-04-22,66831.625,72797.0
2025-04-23,67482.625,73519.0
2025-04-24,68578.54166666667,76283.0
2025-04-25,69006.20833333333,75656.0
2025-04-26,63221.458333333336,73187.0
2025-04-27,62139.666666666664,69107.0
2025-04-28,68047.29166666667,80324.0
2025-04-29,71339.25,79874.0
2025-04-30,68326.29166666667,74625.0
2025-05-01,69156.375,76226.0
2025-05-02,68043.5,75592.0
2025-05-03,61617.375,69146.0
2025-05-04,59772.0,66261.0
2025-05-05,64688.75,70941.0
2025-05-06,66414.125,72362.0
2025-05-07,66990.45833333333,72976.0
2025-05-08,67060.75,73832.0
2025-05-09,66390.95833333333,73920.0
2025-05-10,61831.583333333336,69633.0
2025-05-11,60368.041666666664,69293.0
2025-05-12,67616.75,79126.0
2025-05-13,72162.20833333333,84651.0
2025-05-14,75815.58333333333,89711.0
2025-05-15,79636.45833333333,93667.0
2025-05-16,77400.54166666667,91384.0
2025-05-17,68443.0,82821.0
2025-05-18,64987.208333333336,74450.0
2025-05-19,70770.08333333333,80519.0
2025-05-20,73584.66666666667,81889.0
2025-05-21,71230.25,80859.0
2025-05-22,69723.29166666667,76359.0
2025-05-23,69414.58333333333,75570.0
2025-05-24,64743.333333333336,73044.0
2025-05-25,63243.875,68906.0
2025-05-26,62960.625,68925.0
2025-05-27,67446.625,77703.0
2025-05-28,70088.70833333333,77185.0
2025-05-29,69826.83333333333,78050.0
2025-05-30,70571.58333333333,77447.0
2025-05-31,66213.83333333333,76131.0
2025-06-01,65259.208333333336,77610.0
2025-06-02,73099.66666666667,90659.0
2025-06-03,78167.25,91476.0
2025-06-04,78848.0,90361.0
2025-06-05,77343.54166666667,88561.0
2025-06-06,77448.41666666667,87555.0
2025-06-07,72698.58333333333,85570.0
2025-06-08,71099.75,83650.0
2025-06-09,74478.625,85331.0
2025-06-10,74899.83333333333,86341.0
2025-06-11,77373.95833333333,94103.0
2025-06-12,79145.54166666667,92496.0
2025-06-13,76255.875,86587.0
2025-06-14,72591.16666666667,82436.0
2025-06-15,71863.58333333333,84377.0
2025-06-16,79304.25,95146.0
2025-06-17,85103.5,102651.0
2025-06-18,86515.66666666667,101518.0
2025-06-19,83090.66666666667,98530.0
2025-06-20,85185.83333333333,102364.0
2025-06-21,89932.45833333333,110703.0
2025-06-22,95096.20833333333,114262.0
2025-06-23,99988.20833333333,116404.0
2025-06-24,96017.04166666667,113603.0
2025-06-25,92899.70833333333,106446.0
2025-06-26,92418.66666666667,107819.0
2025-06-27,91395.5,104956.0
2025-06-28,85072.75,100178.0
2025-06-29,84732.125,101651.0
2025-06-30,89583.95833333333,107009.0
2025-07-01,90098.5,108011.0
2025-07-02,90249.58333333333,109282.0
2025-07-03,91897.625,109418.0
2025-07-04,87706.45833333333,105901.0
2025-07-05,88098.20833333333,106189.0
2025-07-06,87710.875,104683.0
2025-07-07,87727.16666666667,102790.0
2025-07-08,87845.79166666667,103947.0
2025-07-09,88677.70833333333,104742.0
2025-07-10,89959.04166666667,106695.0
2025-07-11,91094.25,106639.0
2025-07-12,87032.25,104052.0
2025-07-13,82846.41666666667,98306.0
2025-07-14,88444.375,110634.0
2025-07-15,94559.91666666667,113489.0
2025-07-16,94825.54166666667,111070.0
2025-07-17,87458.16666666667,105281.0
2025-07-18,83192.875,98046.0
2025-07-19,83325.54166666667,96489.0
2025-07-20,83609.25,100575.0
2025-07-21,88499.125,106416.0
2025-07-22,92864.625,114053.0
2025-07-23,97449.58333333333,116247.0
2025-07-24,101320.16666666667,118661.0
2025-07-25,97074.0,115016.0
2025-07-26,90406.08333333333,107410.0
2025-07-27,91818.20833333333,114372.0
2025-07-28,98585.875,117903.0
2025-07-29,99644.58333333333,118106.0
2025-07-30,97160.25,115813.0
2025-07-31,86024.91666666667,102259.0
2025-08-01,81166.16666666667,93674.0
2025-08-02,75437.20833333333,90582.0
2025-08-03,74158.70833333333,91834.0
2025-08-04,81553.58333333333,99041.0
2025-08-05,85488.45833333333,103880.0
2025-08-06,88623.83333333333,107811.0
2025-08-07,92944.625,113182.0
2025-08-08,95436.70833333333,114843.0
2025-08-09,93160.875,112434.0
2025-08-10,88298.54166666667,105319.0
2025-08-11,92592.95833333333,112416.0
2025-08-12,94383.33333333333,111090.0
2025-08-13,91289.75,109053.0
2025-08-14,91087.0,108912.0
2025-08-15,93032.16666666667,112228.0
2025-08-16,91239.04166666667,108040.0
2025-08-17,89078.54166666667,105578.0
2025-08-18,91563.83333333333,108934.0
2025-08-19,91949.54166666667,107632.0
2025-08-20,88765.58333333333,104294.0
2025-08-21,85554.54166666667,99237.0
2025-08-22,84006.83333333333,96968.0
2025-08-23,79140.83333333333,94732.0
2025-08-24,73839.04166666667,89174.0
2025-08-25,74822.91666666667,85371.0
2025-08-26,74870.75,85422.0
2025-08-27,75140.33333333333,87802.0
2025-08-28,77267.29166666667,89106.0
2025-08-29,75964.95833333333,88049.0
2025-08-30,71385.91666666667,83123.0
2025-08-31,69826.83333333333,81660.0
2025-09-01,70314.16666666667,85890.0
2025-09-02,76402.75,92466.0
2025-09-03,77770.375,90946.0
2025-09-04,74915.91666666667,86326.0
2025-09-05,73851.58333333333,84040.0
2025-09-06,68158.25,78733.0
2025-09-07,65080.166666666664,74204.0
2025-09-08,68707.79166666667,80244.0
2025-09-09,71878.75,83767.0
2025-09-10,75545.875,91033.0
2025-09-11,78880.16666666667,94450.0
2025-09-12,80137.45833333333,97129.0
2025-09-13,78040.75,93760.0
2025-09-14,78587.45833333333,98634.0
2025-09-15,84238.95833333333,103030.0
2025-09-16,84642.29166666667,102909.0
2025-09-17,83667.33333333333,100510.0
2025-09-18,82705.29166666667,100774.0
2025-09-19,81941.08333333333,96197.0
2025-09-20,75627.33333333333,90197.0
2025-09-21,73749.83333333333,87878.0
2025-09-22,78414.5,90536.0
2025-09-23,78896.625,89695.0
2025-09-24,77860.125,88349.0
2025-09-25,75750.08333333333,86436.0
2025-09-26,74991.25,88162.0
2025-09-27,71702.08333333333,85973.0
2025-09-28,70403.04166666667,87861.0
2025-09-29,76466.58333333333,96511.0
2025-09-30,79014.58333333333,93872.0
2025-10-01,77622.0,91618.0
2025-10-02,77729.41666666667,93997.0
2025-10-03,78640.91666666667,94765.0
2025-10-04,75814.66666666667,90705.0
2025-10-05,73065.25,87053.0
2025-10-06,75874.0,87640.0
2025-10-07,75532.45833333333,86127.0
2025-10-08,71531.41666666667,80672.0
2025-10-09,70438.33333333333,78485.0
2025-10-10,69024.0,77782.0
2025-10-11,64725.875,74390.0
2025-10-12,63341.208333333336,73787.0
2025-10-13,68507.95833333333,79720.0
2025-10-14,70771.29166666667,80279.0
2025-10-15,70206.0,79352.0
2025-10-16,70788.0,80502.0
2025-10-17,70935.58333333333,79555.0
2025-10-18,67612.54166666667,77820.0
2025-10-19,63942.833333333336,73578.0
2025-10-20,65568.75,73412.0
2025-10-21,68058.54166666667,74339.0
2025-10-22,68226.83333333333,75253.0
2025-10-23,67667.375,74038.0
2025-10-24,67987.66666666667,73761.0
2025-10-25,63927.125,71219.0
2025-10-26,62059.166666666664,68375.0
2025-10-27,66365.83333333333,72708.0
2025-10-28,67693.95833333333,73775.0
2025-10-29,66780.375,73772.0
2025-10-30,67627.29166666667,72785.0
2025-10-31,67499.20833333333,73110.0
2025-11-01,63632.583333333336,67821.0
2025-11-02,63068.291666666664,68027.0
2025-11-03,67291.54166666667,73854.0
2025-11-04,68271.75,73601.0
2025-11-05,66995.125,72880.0
2025-11-06,68382.20833333333,73707.0
2025-11-07,68322.70833333333,74370.0
2025-11-08,65500.0,73340.0
2025-11-09,65794.04166666667,72775.0
2025-11-10,73979.83333333333,80953.0
2025-11-11,77274.70833333333,82995.0
2025-11-12,71288.125,77574.0
2025-11-13,69798.625,74731.0
2025-11-14,68406.83333333333,74582.0
2025-11-15,63871.458333333336,72490.0
2025-11-16,62772.166666666664,70504.0
2025-11-17,69515.79166666667,75324.0
2025-11-18,71454.20833333333,77088.0
2025-11-19,71792.58333333333,78288.0
2025-11-20,71681.20833333333,78632.0
2025-11-21,70767.5,77693.0
2025-11-22,67133.41666666667,75908.0
2025-11-23,64387.666666666664,71756.0
2025-11-24,69223.75,75677.0
2025-11-25,70734.91666666667,77030.0
2025-11-26,71704.375,77208.0
2025-11-27,70023.0,78918.0
2025-11-28,69446.625,73459.0
2025-11-29,71676.08333333333,75600.0
2025-11-30,71435.70833333333,78504.0
2025-12-01,80149.83333333333,86175.0
2025-12-02,82508.0,88147.0
2025-12-03,83991.66666666667,89378.0
2025-12-04,83684.66666666667,88469.0
2025-12-05,84531.45833333333,90367.0
2025-12-06,77344.83333333333,86086.0
2025-12-07,74129.125,79403.0
2025-12-08,80165.79166666667,86316.0
2025-12-09,82254.66666666667,88830.0
2025-12-10,79230.125,84122.0
2025-12-11,80916.54166666667,86967.0
2025-12-12,80505.375,85304.0
2025-12-13,78413.04166666667,84459.0
2025-12-14,83081.70833333333,88343.0
2025-12-15,90557.125,99092.0
2025-12-16,84852.91666666667,92018.0
2025-12-17,76868.25,84082.0
2025-12-18,74881.16666666667,80637.0
2025-12-19,79678.70833333333,87316.0
2025-12-20,76582.04166666667,84720.0
2025-12-21,72538.16666666667,77083.0
2025-12-22,75782.0,79657.0
2025-12-23,72166.83333333333,79816.0
2025-12-24,68683.41666666667,76774.0
2025-12-25,63449.541666666664,70403.0
2025-12-26,64929.291666666664,71973.0
2025-12-27,66744.20833333333,73173.0
2025-12-28,66371.25,73168.0
2025-12-29,76345.5,85928.0
2025-12-30,83750.16666666667,89346.0
2025-12-31,79844.29166666667,86428.0
2026-01-01,74428.5,79625.0
2026-01-02,74465.58333333333,79483.0
2026-01-03,74546.95833333333,81450.0
2026-01-04,73264.54166666667,78633.0
2026-01-05,75032.58333333333,81163.0
2026-01-06,73153.29166666667,79277.0
2026-01-07,72465.83333333333,78499.0
2026-01-08,72526.41666666667,77429.0
2026-01-09,71020.66666666667,77192.0
2026-01-10,70167.66666666667,76649.0
2026-01-11,72911.25,76515.0
2026-01-12,77750.25,87422.0
2026-01-13,76664.45833333333,83600.0
2026-01-14,75521.79166666667,81324.0
2026-01-15,82712.125,90955.0
2026-01-16,81835.25,87630.0
2026-01-17,78074.125,82737.0
2026-01-18,83403.20833333333,86940.0
2026-01-19,86439.70833333333,94126.0
2026-01-20,88381.25,96671.0
2026-01-21,82181.41666666667,89420.0
2026-01-22,81253.375,87405.0
2026-01-23,86352.08333333333,91578.0
2026-01-24,91365.91666666667,95109.0
2026-01-25,89035.0,95118.0
2026-01-26,94236.625,100530.0
2026-01-27,93886.04166666667,101013.0
2026-01-28,91013.375,99277.0
2026-01-29,89304.83333333333,97866.0
2026-01-30,88088.125,96243.0
2026-01-31,89219.45833333333,94319.0
2026-02-01,88771.375,93837.0
2026-02-02,85869.29166666667,94059.0
2026-02-03,81340.95833333333,86834.0
2026-02-04,81269.95833333333,87567.0
2026-02-05,84669.54166666667,93393.0
2026-02-06,79985.70833333333,86188.0
2026-02-07,75585.83333333333,79979.0
2026-02-08,74974.79166666667,79003.0
2026-02-09,76162.54166666667,83270.0
2026-02-10,73223.875,79806.0
2026-02-11,73554.125,78930.0
2026-02-12,74703.58333333333,81088.0
2026-02-13,73015.91666666667,79395.0
2026-02-14,68124.79166666667,73681.0
2026-02-15,65210.541666666664,71378.0
2026-02-16,69212.95833333333,75475.0
2026-02-17,70832.125,75337.0
2026-02-18,69470.41666666667,75710.0
2026-02-19,70870.16666666667,75124.0
2026-02-20,73029.95833333333,77815.0
2026-02-21,72983.29166666667,79372.0
2026-02-22,73327.91666666667,77385.0
2026-02-23,81094.54166666667,90502.0
2026-02-24,82393.45833333333,90057.0
2026-02-25,75729.83333333333,82181.0
2026-02-26,73762.45833333333,79191.0
2026-02-27,71239.58333333333,77123.0
2026-02-28,67611.04166666667,72848.0
2026-03-01,68110.20833333333,72557.0
2026-03-02,73417.95833333333,78100.0
2026-03-03,73687.16666666667,80084.0
2026-03-04,72166.70833333333,78133.0
2026-03-05,71963.5,76694.0
2026-03-06,71151.20833333333,77091.0
2026-03-07,67699.08333333333,75499.0
2026-03-08,64211.583333333336,71593.0
2026-03-09,67173.95833333333,72151.0
2026-03-10,70052.91666666667,76291.0
2026-03-11,71612.91666666667,77027.0
2026-03-12,71336.95833333333,77497.0
2026-03-13,70446.04166666667,76887.0
2026-03-14,67480.0,71711.0
2026-03-15,66026.70833333333,71931.0
2026-03-16,73541.5,80988.0
2026-03-17,81109.70833333333,89040.0
2026-03-18,76510.75,84308.0
2026-03-19,71284.375,79063.0
2026-03-20,67539.33333333333,74263.0
2026-03-21,64613.375,71116.0
2026-03-22,64744.666666666664,73449.0
2026-03-23,68821.83333333333,73232.0
2026-03-24,70310.66666666667,75322.0
2026-03-25,69280.75,73670.0
2026-03-26,70209.54166666667,78907.0
2026-03-27,70628.33333333333,78352.0
2026-03-28,66886.91666666667,74264.0
2026-03-29,63387.791666666664,67665.0
2026-03-30,67292.70833333333,75628.0
2026-03-31,70593.875,76410.0
2026-04-01,70735.125,77111.0
2026-04-02,72148.625,76919.0
2026-04-03,69465.875,75008.0
2026-04-04,66952.54166666667,73815.0
2026-04-05,62727.083333333336,69142.0
2026-04-06,65969.70833333333,71483.0
2026-04-07,69284.0,74651.0
2026-04-08,68969.66666666667,74000.0
2026-04-09,68105.25,73667.0
2026-04-10,68449.66666666667,74083.0
2026-04-11,65080.916666666664,70817.0
2026-04-12,64117.291666666664,71652.0
2026-04-13,70487.5,80743.0
2026-04-14,73516.70833333333,82913.0
2026-04-15,72936.20833333333,82680.0
2026-04-16,71474.08333333333,79528.0
2026-04-17,72124.04166666667,80644.0
2026-04-18,66817.75,78599.0
2026-04-19,62088.541666666664,68253.0
2026-04-20,66319.95833333333,71794.0
2026-04-21,67207.70833333333,72295.0
2026-04-22,69002.95833333333,77490.0
2026-04-23,71719.0,81436.0
2026-04-24,70844.0,81008.0
2026-04-25,65565.33333333333,73544.0
2026-04-26,64589.833333333336,73785.0
2026-04-27,71319.66666666667,80223.0
2026-04-28,71569.45833333333,79689.0
2026-04-29,70232.66666666667,75954.0
2026-04-30,68730.29166666667,74190.0
2026-05-01,66668.41666666667,71810.0
2026-05-02,62771.416666666664,68586.0
2026-05-03,61188.416666666664,66572.0
2026-05-04,66450.625,74566.0
2026-05-05,68389.04166666667,74743.0
2026-05-06,69579.75,73825.0
2026-05-07,68566.91666666667,73499.0
2026-05-08,67402.5,72098.0
2026-05-09,63619.208333333336,69813.0
2026-05-10,62648.375,68491.0
2026-05-11,67023.91666666667,72791.0
2026-05-12,69284.04166666667,77894.0
2026-05-13,69606.70833333333,77950.0
2026-05-14,70055.08333333333,78109.0
2026-05-15,71030.41666666667,81142.0
2026-05-16,70307.75,80373.0
2026-05-17,70867.91666666667,84545.0
2026-05-18,78312.75,88399.0
2026-05-19,78747.5,87680.0
2026-05-20,72424.375,84371.0
2026-05-21,69891.16666666667,74728.0
2026-05-22,70327.54166666667,76299.0
2026-05-23,66000.45833333333,74234.0
2026-05-24,65101.5,74526.0
2026-05-25,68053.45833333333,81819.0
2026-05-26,76668.625,93337.0
2026-05-27,81179.58333333333,95235.0
2026-05-28,80629.91666666667,94235.0
2026-05-29,79220.45833333333,92933.0
2026-05-30,75964.66666666667,91160.0
2026-05-31,72420.33333333333,86322.0
2026-06-01,78717.125,94113.0
2026-06-02,79064.54166666667,93144.0
2026-06-03,77531.0,91752.0
2026-06-04,80004.66666666667,96059.0
2026-06-05,81948.54166666667,94738.0
2026-06-06,81313.54166666667,95819.0
2026-06-07,81017.91666666667,94786.0
2026-06-08,84657.33333333333,100416.0
2026-06-09,90176.41666666667,109148.0
2026-06-10,94548.45833333333,110202.0
2026-06-11,90916.41666666667,106844.0
2026-06-12,85390.33333333333,102314.0
2026-06-13,80158.16666666667,95453.0
2026-06-14,76017.08333333333,91874.0
2026-06-15,75132.0,85842.0
2026-06-16,75896.29166666667,85599.0
2026-06-17,77542.41666666667,88614.0
2026-06-18,79071.0,87899.0
2026-06-19,78329.58333333333,88547.0
2026-06-20,73490.5,86586.0
2026-06-21,72061.20833333333,83647.0
2026-06-22,76980.125,88895.0
2026-06-23,79331.45833333333,92848.0
2026-06-24,80495.45833333333,92441.0
2026-06-25,82147.75,96401.0
2026-06-26,81428.75,94362.0
2026-06-27,79152.45833333333,92483.0
2026-06-28,82645.95833333333,103073.0
2026-06-29,96200.04166666667,119185.0
2026-06-30,103142.875,121514.0
2026-07-01,103652.66666666667,120328.0
2026-07-02,100760.41666666667,116687.0
2026-07-03,95674.58333333333,113727.0
2026-07-04,87941.45833333333,104633.0
2026-07-05,81655.91666666667,97675.0
2026-07-06,88489.66666666667,108832.0
2026-07-07,91782.625,109041.0
2026-07-08,93627.375,111137.0
2026-07-09,94522.0,110049.0
2026-07-10,93823.41666666667,109498.0
2026-07-11,88458.58333333333,106571.0
2026-07-12,86221.91666666667,105684.0
2026-07-13,92762.08333333333,113706.0
2026-07-14,97797.25,117514.0
2026-07-15,100329.5,116895.0
2026-07-16,98741.20833333333,115311.0
2026-07-17,98609.875,117406.0
2026-07-18,97058.375,115107.0
2026-07-19,89435.125,109586.0
2026-07-20,94011.33333333333,114803.0
2026-07-21,97807.625,113863.0
2026-07-22,87672.70833333333,107661.0
2026-07-23,83931.75,97280.0
2026-07-24,84971.75,97944.0
2026-07-25,84271.375,101675.0
2026-07-26,91829.25,115990.0
2026-07-27,102023.0,118325.0
2026-07-28,98765.79166666667,115561.0
2026-07-29,94558.25,111833.0
2026-07-30,94740.41666666667,113542.0
2026-07-31,92777.5,110992.0
2026-08-01,86230.91666666667,98695.0
